ID,Original_Label,Finetune_Roberta_Model_Probability,Finetune_Roberta_Model_Prediction
1015,0,0.8771648406982422,1
1528,0,0.9996458292007446,1
1407,0,0.044258516281843185,0
1068,0,0.45318931341171265,0
858,1,0.9997691512107849,1
286,1,0.9997009038925171,1
1258,0,0.479021281003952,0
669,1,0.9989596605300903,1
1422,0,0.9996110796928406,1
706,1,0.9898192286491394,1
942,0,0.9988025426864624,1
1071,0,0.9997304081916809,1
265,1,0.03179025650024414,0
678,1,0.9996497631072998,1
424,1,0.03093421459197998,0
1226,0,0.9996858835220337,1
1250,0,0.9983851909637451,1
493,1,0.7604307532310486,1
1177,0,0.9997294545173645,1
1052,0,0.9124705195426941,1
1047,0,0.17023462057113647,0
275,1,0.9993959665298462,1
1004,0,0.3365136981010437,0
806,1,0.15698851644992828,0
1242,0,0.0396977961063385,0
786,1,0.03429289534687996,0
1122,0,0.9997702240943909,1
1199,0,0.9101532697677612,1
1295,0,0.8698476552963257,1
205,1,0.9995799660682678,1
1514,0,0.1983249932527542,0
203,1,0.9995536208152771,1
1586,0,0.9995248317718506,1
1372,0,0.9936521053314209,1
793,1,0.9997472167015076,1
904,0,0.9997302889823914,1
1598,0,0.999716579914093,1
187,1,0.29527971148490906,0
435,1,0.9986662864685059,1
982,0,0.9474713206291199,1
138,1,0.26825693249702454,0
977,0,0.9997878670692444,1
446,1,0.9836667776107788,1
1228,0,0.9641749262809753,1
7,1,0.9995619654655457,1
895,0,0.6809929609298706,1
101,1,0.9990878105163574,1
1652,0,0.99978107213974,1
405,1,0.16827517747879028,0
447,1,0.4008343815803528,0
295,1,0.9996486902236938,1
689,1,0.04065908491611481,0
1440,0,0.9997326731681824,1
613,1,0.9996569156646729,1
1098,0,0.0413716696202755,0
757,1,0.947974443435669,1
366,1,0.999308705329895,1
1148,0,0.9985941052436829,1
732,1,0.13057510554790497,0
140,1,0.5475890040397644,1
724,1,0.9997702240943909,1
990,0,0.5952484607696533,1
1169,0,0.999745786190033,1
1350,0,0.9997163414955139,1
165,1,0.9997614026069641,1
102,1,0.04620124399662018,0
1657,0,0.13686956465244293,0
192,1,0.9993315935134888,1
654,1,0.5423526763916016,1
291,1,0.13457944989204407,0
876,0,0.7165930867195129,1
184,1,0.9997431635856628,1
1323,0,0.6553915143013,1
1447,0,0.07144831120967865,0
369,1,0.13570573925971985,0
125,1,0.7546522617340088,1
549,1,0.9993684887886047,1
597,1,0.9996953010559082,1
1076,0,0.286731481552124,0
449,1,0.9997768998146057,1
108,1,0.27294424176216125,0
718,1,0.8384119868278503,1
1519,0,0.9993364214897156,1
1126,0,0.9814342260360718,1
475,1,0.9994208812713623,1
1386,0,0.9997455477714539,1
199,1,0.8144512176513672,1
14,1,0.7375349998474121,1
694,1,0.7709521055221558,1
36,1,0.999707043170929,1
971,0,0.057367753237485886,0
1131,0,0.7604790329933167,1
683,1,0.15415894985198975,0
1349,0,0.9993364214897156,1
523,1,0.9994251728057861,1
1245,0,0.9846888780593872,1
1318,0,0.8736986517906189,1
1220,0,0.0819246768951416,0
491,1,0.9618846774101257,1
474,1,0.8850628733634949,1
1262,0,0.13601544499397278,0
133,1,0.9996863603591919,1
1662,0,0.9996588230133057,1
551,1,0.967962384223938,1
577,1,0.0328470915555954,0
1153,0,0.9986530542373657,1
72,1,0.8782321214675903,1
853,1,0.9994590878486633,1
656,1,0.9997243285179138,1
1543,0,0.9997690320014954,1
1731,0,0.9990874528884888,1
1555,0,0.9995869994163513,1
308,1,0.9997155070304871,1
1132,0,0.7573686242103577,1
1582,0,0.1732589602470398,0
1516,0,0.9997463822364807,1
70,1,0.0591537281870842,0
204,1,0.9997536540031433,1
481,1,0.4023378789424896,0
861,1,0.2706172466278076,0
816,1,0.9997891783714294,1
1202,0,0.9995903372764587,1
737,1,0.9997619986534119,1
1380,0,0.9997441172599792,1
1217,0,0.9996497631072998,1
1003,0,0.9994710087776184,1
1732,0,0.2777078151702881,0
311,1,0.9996709823608398,1
1684,0,0.8315722942352295,1
1093,0,0.054055728018283844,0
1593,0,0.028395604342222214,0
111,1,0.9987205266952515,1
1362,0,0.9259292483329773,1
742,1,0.12443435937166214,0
1102,0,0.11633602529764175,0
332,1,0.999736487865448,1
731,1,0.9966402053833008,1
148,1,0.5223373770713806,1
255,1,0.09286011010408401,0
269,1,0.062204793095588684,0
412,1,0.9997772574424744,1
430,1,0.9963721036911011,1
782,1,0.9707019329071045,1
1239,0,0.3165883719921112,0
1103,0,0.6316409707069397,1
986,0,0.9077955484390259,1
560,1,0.1889464557170868,0
190,1,0.20921246707439423,0
1271,0,0.9997836947441101,1
1600,0,0.7832323312759399,1
333,1,0.0585404597222805,0
878,0,0.999531626701355,1
1675,0,0.999749481678009,1
85,1,0.04271670803427696,0
110,1,0.9892262816429138,1
1178,0,0.9997645020484924,1
149,1,0.9996730089187622,1
1294,0,0.9993897676467896,1
1257,0,0.4602729380130768,0
1650,0,0.9991809725761414,1
200,1,0.9957658052444458,1
448,1,0.557969331741333,1
1701,0,0.9997944235801697,1
925,0,0.8743313550949097,1
1635,0,0.8129279017448425,1
310,1,0.4490360915660858,0
716,1,0.9997852444648743,1
941,0,0.9995542168617249,1
792,1,0.2334309071302414,0
807,1,0.9997681975364685,1
168,1,0.8221049904823303,1
709,1,0.9997172951698303,1
419,1,0.6107660531997681,1
824,1,0.6789278388023376,1
1353,0,0.25988322496414185,0
1430,0,0.9463446140289307,1
871,0,0.9994876384735107,1
1622,0,0.9996424913406372,1
1610,0,0.14314047992229462,0
1193,0,0.5337855815887451,1
505,1,0.9992621541023254,1
1305,0,0.45899343490600586,0
1428,0,0.9996486902236938,1
1618,0,0.2017488181591034,0
77,1,0.14790672063827515,0
1211,0,0.9991851449012756,1
212,1,0.9994290471076965,1
331,1,0.9993793964385986,1
825,1,0.025055326521396637,0
473,1,0.8858518600463867,1
1471,0,0.9995750784873962,1
1502,0,0.6009011268615723,1
1174,0,0.45991313457489014,0
1311,0,0.9997308850288391,1
242,1,0.999671220779419,1
1329,0,0.9997203946113586,1
37,1,0.9997300505638123,1
465,1,0.15028783679008484,0
1121,0,0.9908457398414612,1
1735,0,0.5892943143844604,1
1307,0,0.9296137094497681,1
1249,0,0.9997627139091492,1
1270,0,0.14337870478630066,0
989,0,0.5279877185821533,1
934,0,0.6116271018981934,1
425,1,0.7494497895240784,1
1719,0,0.24550843238830566,0
952,0,0.9795820713043213,1
1391,0,0.9993933439254761,1
750,1,0.9995597004890442,1
723,1,0.3016293942928314,0
932,0,0.9995930790901184,1
962,0,0.9994563460350037,1
1562,0,0.6627308130264282,1
567,1,0.14383594691753387,0
700,1,0.9995656609535217,1
1161,0,0.532666027545929,1
1682,0,0.9997279047966003,1
1609,0,0.9996127486228943,1
692,1,0.8979069590568542,1
593,1,0.4382370710372925,0
329,1,0.9979978203773499,1
544,1,0.6910684704780579,1
810,1,0.03108753077685833,0
19,1,0.9985309839248657,1
1236,0,0.9995943903923035,1
1321,0,0.06281271576881409,0
1120,0,0.17841342091560364,0
490,1,0.8320686221122742,1
1681,0,0.1044490784406662,0
1645,0,0.9996963739395142,1
643,1,0.20401790738105774,0
774,1,0.8334329724311829,1
150,1,0.9997797608375549,1
104,1,0.4775388240814209,0
1119,0,0.6281558275222778,1
590,1,0.9627093076705933,1
1634,0,0.02232700027525425,0
674,1,0.9996448755264282,1
1204,0,0.9995118379592896,1
1625,0,0.9976154565811157,1
1156,0,0.9997848868370056,1
363,1,0.5218749046325684,1
1035,0,0.9997403025627136,1
545,1,0.026780514046549797,0
409,1,0.9993066787719727,1
477,1,0.9997057318687439,1
1237,0,0.9997665286064148,1
790,1,0.9993407130241394,1
1717,0,0.9994105100631714,1
1493,0,0.9997410178184509,1
356,1,0.05112291872501373,0
1077,0,0.9403363466262817,1
1417,0,0.9995063543319702,1
271,1,0.14586584270000458,0
1624,0,0.9972152709960938,1
1273,0,0.6183956265449524,1
16,1,0.9997783303260803,1
1142,0,0.9997467398643494,1
498,1,0.49878740310668945,0
776,1,0.7631155252456665,1
877,0,0.03013393096625805,0
1190,0,0.9997392296791077,1
1001,0,0.9997071623802185,1
763,1,0.08561355620622635,0
759,1,0.9996989965438843,1
422,1,0.9995874762535095,1
154,1,0.6388424038887024,1
50,1,0.781912624835968,1
685,1,0.572385311126709,1
349,1,0.6852356791496277,1
279,1,0.9965180158615112,1
1621,0,0.928976833820343,1
1512,0,0.9993383288383484,1
1545,0,0.04558461531996727,0
514,1,0.602439820766449,1
926,0,0.9965625405311584,1
795,1,0.018333783373236656,0
1559,0,0.9997046589851379,1
10,1,0.054584648460149765,0
1293,0,0.9995006322860718,1
606,1,0.9995235204696655,1
893,0,0.9996738433837891,1
675,1,0.016886036843061447,0
1563,0,0.36848506331443787,0
1111,0,0.9994150400161743,1
1536,0,0.984393298625946,1
215,1,0.5836198329925537,1
1314,0,0.9842081665992737,1
1253,0,0.06631439179182053,0
91,1,0.9995654225349426,1
1309,0,0.9985174536705017,1
325,1,0.9997387528419495,1
1457,0,0.4396667778491974,0
1730,0,0.9959204196929932,1
640,1,0.9994590878486633,1
210,1,0.019670234993100166,0
1012,0,0.29527971148490906,0
1567,0,0.19222956895828247,0
1167,0,0.9007439017295837,1
626,1,0.045343123376369476,0
1302,0,0.9572321176528931,1
60,1,0.897243857383728,1
1181,0,0.6235495209693909,1
69,1,0.09384699910879135,0
330,1,0.9997455477714539,1
488,1,0.533366858959198,1
1416,0,0.9918487071990967,1
1668,0,0.9995056390762329,1
728,1,0.9975752234458923,1
889,0,0.9996892213821411,1
284,1,0.5409033298492432,1
434,1,0.9996517896652222,1
1344,0,0.10069936513900757,0
301,1,0.7229897975921631,1
335,1,0.7749121189117432,1
703,1,0.9997808337211609,1
996,0,0.9997184872627258,1
321,1,0.023679504171013832,0
367,1,0.9997040629386902,1
537,1,0.5280928015708923,1
1677,0,0.9996621608734131,1
1713,0,0.9996746778488159,1
1149,0,0.9990523457527161,1
908,0,0.999779999256134,1
767,1,0.999553382396698,1
347,1,0.048452623188495636,0
1642,0,0.026376236230134964,0
1152,0,0.9997137188911438,1
1431,0,0.02561735361814499,0
1706,0,0.5910648107528687,1
1179,0,0.07785994559526443,0
28,1,0.9997355341911316,1
1299,0,0.9995074272155762,1
494,1,0.9996789693832397,1
1491,0,0.033558934926986694,0
90,1,0.6071248650550842,1
438,1,0.9993730187416077,1
408,1,0.26244664192199707,0
572,1,0.9996857643127441,1
254,1,0.9994387030601501,1
1602,0,0.9930481314659119,1
1710,0,0.07105033099651337,0
566,1,0.9994753003120422,1
73,1,0.9996384382247925,1
1546,0,0.8645504117012024,1
848,1,0.9997084736824036,1
653,1,0.5371013879776001,1
163,1,0.9989782571792603,1
684,1,0.04595338925719261,0
1025,0,0.08472394198179245,0
1055,0,0.9984312653541565,1
1223,0,0.9997521042823792,1
880,0,0.9997605681419373,1
1147,0,0.9997689127922058,1
117,1,0.8490964770317078,1
994,0,0.9993442893028259,1
1091,0,0.5033491849899292,1
431,1,0.042752496898174286,0
771,1,0.993162989616394,1
565,1,0.02607605792582035,0
586,1,0.12934072315692902,0
634,1,0.9996806383132935,1
1498,0,0.9996713399887085,1
1394,0,0.9979178309440613,1
1351,0,0.9997193217277527,1
954,0,0.999680757522583,1
1201,0,0.9996384382247925,1
296,1,0.04377833008766174,0
1039,0,0.9696998000144958,1
1191,0,0.05197900906205177,0
696,1,0.99964439868927,1
1409,0,0.05087502300739288,0
1518,0,0.8160863518714905,1
211,1,0.07965048402547836,0
582,1,0.9551987648010254,1
547,1,0.020582078024744987,0
744,1,0.08999208360910416,0
762,1,0.4346238076686859,0
1238,0,0.9986169338226318,1
1087,0,0.9959219694137573,1
1641,0,0.023187363520264626,0
267,1,0.7642110586166382,1
1410,0,0.8340610265731812,1
1194,0,0.9997671246528625,1
1442,0,0.9769822359085083,1
5,1,0.2765513062477112,0
1187,0,0.9997232556343079,1
1095,0,0.08901006728410721,0
520,1,0.9997277855873108,1
1230,0,0.9984385371208191,1
287,1,0.9996860027313232,1
270,1,0.028961526229977608,0
194,1,0.06539244204759598,0
559,1,0.9925538897514343,1
1414,0,0.8187158703804016,1
1385,0,0.9985712766647339,1
220,1,0.9787946939468384,1
525,1,0.9941622614860535,1
386,1,0.9997556805610657,1
1367,0,0.9996356964111328,1
1209,0,0.894437313079834,1
285,1,0.9997765421867371,1
1408,0,0.05292997509241104,0
642,1,0.9997279047966003,1
259,1,0.9477357268333435,1
273,1,0.9987486600875854,1
701,1,0.9991851449012756,1
1388,0,0.9994701743125916,1
818,1,0.7766704559326172,1
1244,0,0.03376945108175278,0
1548,0,0.8184093832969666,1
937,0,0.9995717406272888,1
1198,0,0.25052571296691895,0
1638,0,0.033454637974500656,0
1185,0,0.529640793800354,1
647,1,0.9995841383934021,1
1312,0,0.9994158744812012,1
662,1,0.9987008571624756,1
208,1,0.9996474981307983,1
836,1,0.9996767044067383,1
1441,0,0.06401198357343674,0
1448,0,0.9952378273010254,1
609,1,0.04479549825191498,0
293,1,0.06721080094575882,0
1115,0,0.9073342084884644,1
1699,0,0.9998056292533875,1
1505,0,0.09887703508138657,0
1008,0,0.9209626913070679,1
227,1,0.9997265934944153,1
791,1,0.3477610647678375,0
775,1,0.9997435212135315,1
230,1,0.9994698166847229,1
1213,0,0.13006718456745148,0
1402,0,0.9997214674949646,1
1222,0,0.09624181687831879,0
1415,0,0.04188404604792595,0
1097,0,0.9995772242546082,1
346,1,0.9978524446487427,1
912,0,0.08708905428647995,0
351,1,0.9996711015701294,1
1018,0,0.4658862054347992,0
128,1,0.025763321667909622,0
1436,0,0.9997556805610657,1
1664,0,0.7604307532310486,1
561,1,0.9992865920066833,1
562,1,0.02774650603532791,0
546,1,0.9995492100715637,1
1274,0,0.9997726082801819,1
1184,0,0.9997555613517761,1
1205,0,0.9994939565658569,1
1648,0,0.9995835423469543,1
1051,0,0.9997954964637756,1
823,1,0.6132053732872009,1
8,1,0.2691282033920288,0
1114,0,0.999619722366333,1
181,1,0.31144875288009644,0
388,1,0.9946052432060242,1
1304,0,0.9993364214897156,1
1658,0,0.9996230602264404,1
1413,0,0.8838602304458618,1
1333,0,0.9992172718048096,1
663,1,0.2990279197692871,0
1467,0,0.1880052387714386,0
450,1,0.999175488948822,1
68,1,0.04512251168489456,0
79,1,0.9731053709983826,1
1308,0,0.9996935129165649,1
1183,0,0.9365789294242859,1
261,1,0.778291642665863,1
484,1,0.9788408279418945,1
503,1,0.6993763446807861,1
621,1,0.9994961023330688,1
1476,0,0.04793177545070648,0
1424,0,0.9996738433837891,1
193,1,0.9887627959251404,1
1079,0,0.9996293783187866,1
411,1,0.9997720122337341,1
1332,0,0.7578020691871643,1
314,1,0.9994001388549805,1
457,1,0.7559272646903992,1
170,1,0.28166958689689636,0
928,0,0.999728262424469,1
316,1,0.0457238033413887,0
1009,0,0.999768078327179,1
1601,0,0.5965214371681213,1
539,1,0.6516303420066833,1
470,1,0.08601921796798706,0
496,1,0.17151597142219543,0
45,1,0.7996350526809692,1
410,1,0.8883009552955627,1
343,1,0.9943358302116394,1
831,1,0.9997014403343201,1
1224,0,0.9989240765571594,1
1707,0,0.9996767044067383,1
800,1,0.9997546076774597,1
1393,0,0.9254300594329834,1
413,1,0.9996871948242188,1
1527,0,0.3463722765445709,0
1099,0,0.9529721736907959,1
564,1,0.9997026324272156,1
1487,0,0.9991944432258606,1
374,1,0.9997153878211975,1
765,1,0.6948152184486389,1
1352,0,0.9997580647468567,1
372,1,0.9949217438697815,1
415,1,0.9956086277961731,1
530,1,0.9995478987693787,1
142,1,0.7294064164161682,1
221,1,0.06737983971834183,0
924,0,0.2402569204568863,0
309,1,0.04188696667551994,0
195,1,0.07163272798061371,0
501,1,0.7709633708000183,1
550,1,0.9997853636741638,1
901,0,0.9997848868370056,1
1267,0,0.9996683597564697,1
1044,0,0.3109486699104309,0
581,1,0.7288317680358887,1
1164,0,0.9961189031600952,1
1492,0,0.14342449605464935,0
784,1,0.9996984004974365,1
1627,0,0.9994363188743591,1
789,1,0.9997507929801941,1
1172,0,0.967144250869751,1
376,1,0.7036950588226318,1
1050,0,0.9996974468231201,1
856,1,0.8673020005226135,1
580,1,0.9996278285980225,1
1108,0,0.9985062479972839,1
452,1,0.9982149600982666,1
1106,0,0.587978184223175,1
936,0,0.9992817044258118,1
1011,0,0.9995110034942627,1
1679,0,0.9997090697288513,1
1580,0,0.9997323155403137,1
563,1,0.14935286343097687,0
783,1,0.9995688796043396,1
830,1,0.36630573868751526,0
957,0,0.07627353072166443,0
801,1,0.08256225287914276,0
31,1,0.9997795224189758,1
1686,0,0.6268969178199768,1
578,1,0.9997370839118958,1
222,1,0.04915222153067589,0
1459,0,0.12115424126386642,0
655,1,0.5498409867286682,1
1067,0,0.21505184471607208,0
1712,0,0.9996912479400635,1
1300,0,0.9997726082801819,1
1649,0,0.9995874762535095,1
461,1,0.9973211884498596,1
6,1,0.12202304601669312,0
1338,0,0.9997662901878357,1
1525,0,0.9897213578224182,1
158,1,0.9997031092643738,1
999,0,0.05073009058833122,0
1473,0,0.9294648766517639,1
1612,0,0.9991995692253113,1
313,1,0.8418348431587219,1
987,0,0.04779722914099693,0
152,1,0.9996440410614014,1
42,1,0.99959796667099,1
1566,0,0.9997515082359314,1
136,1,0.12920992076396942,0
1081,0,0.9995456337928772,1
120,1,0.5447361469268799,1
1585,0,0.21813403069972992,0
1694,0,0.9629164934158325,1
127,1,0.9997521042823792,1
1703,0,0.9998014569282532,1
922,0,0.27546486258506775,0
1533,0,0.26876670122146606,0
1019,0,0.9996412992477417,1
978,0,0.9996023774147034,1
33,1,0.9990453124046326,1
665,1,0.9715602993965149,1
1500,0,0.09214835613965988,0
167,1,0.13047990202903748,0
1277,0,0.8643703460693359,1
574,1,0.9994161128997803,1
1592,0,0.9997817873954773,1
1065,0,0.9164594411849976,1
483,1,0.9949769377708435,1
392,1,0.048617538064718246,0
56,1,0.02753113955259323,0
453,1,0.9995961785316467,1
185,1,0.9501410126686096,1
787,1,0.02981969341635704,0
1,1,0.9997474551200867,1
1366,0,0.914850652217865,1
553,1,0.6529095768928528,1
458,1,0.665157675743103,1
506,1,0.46018561720848083,0
1569,0,0.021972354501485825,0
1078,0,0.7100244760513306,1
1646,0,0.9993498921394348,1
157,1,0.20564377307891846,0
1290,0,0.7643185257911682,1
808,1,0.550023078918457,1
48,1,0.9996581077575684,1
1082,0,0.9994542002677917,1
429,1,0.9997748732566833,1
1355,0,0.9997797608375549,1
1322,0,0.0806327536702156,0
1232,0,0.10867965221405029,0
773,1,0.9290119409561157,1
715,1,0.9993466734886169,1
306,1,0.2797553837299347,0
805,1,0.9951261281967163,1
126,1,0.9990832805633545,1
131,1,0.9630944728851318,1
1475,0,0.9997569918632507,1
615,1,0.582550585269928,1
460,1,0.9996620416641235,1
1326,0,0.9997150301933289,1
1281,0,0.9997547268867493,1
353,1,0.9984936714172363,1
451,1,0.999313473701477,1
1501,0,0.9997765421867371,1
1154,0,0.9990150928497314,1
531,1,0.7093766927719116,1
1531,0,0.9997835755348206,1
423,1,0.9997084736824036,1
139,1,0.018984723836183548,0
361,1,0.09384699910879135,0
882,0,0.9994134902954102,1
1464,0,0.9997482895851135,1
969,0,0.9996113181114197,1
1034,0,0.0336456298828125,0
1266,0,0.9997679591178894,1
437,1,0.859358549118042,1
1412,0,0.999744713306427,1
1499,0,0.9988424181938171,1
933,0,0.9797144532203674,1
1029,0,0.1574741005897522,0
377,1,0.12022852152585983,0
813,1,0.9991311430931091,1
602,1,0.9972242116928101,1
896,0,0.3178970515727997,0
886,0,0.9657450318336487,1
1439,0,0.9997929930686951,1
648,1,0.2501903772354126,0
891,0,0.9997897744178772,1
1551,0,0.03396002948284149,0
62,1,0.9997591376304626,1
1455,0,0.9883450269699097,1
712,1,0.023546217009425163,0
1023,0,0.4768669605255127,0
840,1,0.9995421171188354,1
866,1,0.9997358918190002,1
910,0,0.721156120300293,1
300,1,0.9994402527809143,1
86,1,0.9930400848388672,1
294,1,0.7325233221054077,1
1041,0,0.5028358697891235,1
378,1,0.08416860550642014,0
400,1,0.07336380332708359,0
398,1,0.9844785928726196,1
1595,0,0.999548614025116,1
282,1,0.8261208534240723,1
960,0,0.38136228919029236,0
668,1,0.4424726068973541,0
529,1,0.8605214357376099,1
1165,0,0.849322497844696,1
355,1,0.9996916055679321,1
1605,0,0.99967360496521,1
172,1,0.9428711533546448,1
1398,0,0.999736487865448,1
223,1,0.6459222435951233,1
15,1,0.5166720747947693,1
1002,0,0.9994114637374878,1
633,1,0.9997705817222595,1
1188,0,0.6145889163017273,1
379,1,0.2971968948841095,0
1054,0,0.36896106600761414,0
875,0,0.999321460723877,1
1389,0,0.9997655749320984,1
341,1,0.15482228994369507,0
1596,0,0.15057048201560974,0
575,1,0.9988791346549988,1
499,1,0.9997279047966003,1
305,1,0.5046534538269043,1
513,1,0.06734871119260788,0
213,1,0.9997850060462952,1
972,0,0.9984132051467896,1
25,1,0.9997264742851257,1
1568,0,0.8593590259552002,1
233,1,0.7751673460006714,1
964,0,0.9834700226783752,1
1383,0,0.9856626391410828,1
725,1,0.2884424924850464,0
955,0,0.8908001780509949,1
383,1,0.059535909444093704,0
260,1,0.7804710268974304,1
1135,0,0.5892118811607361,1
1031,0,0.9997515082359314,1
1373,0,0.6300016045570374,1
984,0,0.30695298314094543,0
1423,0,0.9997485280036926,1
1724,0,0.9996427297592163,1
1210,0,0.9997132420539856,1
1043,0,0.6409339308738708,1
247,1,0.9956697225570679,1
1538,0,0.9997528195381165,1
1387,0,0.16176262497901917,0
224,1,0.7716397047042847,1
1254,0,0.09276396781206131,0
1508,0,0.9983248114585876,1
373,1,0.9997060894966125,1
88,1,0.7510872483253479,1
682,1,0.0814153179526329,0
3,1,0.9994120597839355,1
760,1,0.9997135996818542,1
1540,0,0.08070085942745209,0
1690,0,0.861123263835907,1
1715,0,0.01804395392537117,0
482,1,0.9985944628715515,1
87,1,0.714879035949707,1
734,1,0.6767600178718567,1
43,1,0.0676206722855568,0
1038,0,0.3388632535934448,0
130,1,0.9997487664222717,1
1691,0,0.9985438585281372,1
584,1,0.38300299644470215,0
1128,0,0.9995570778846741,1
1327,0,0.9997647404670715,1
1647,0,0.04102402925491333,0
395,1,0.45240628719329834,0
541,1,0.9854142665863037,1
1573,0,0.9997581839561462,1
527,1,0.9988892674446106,1
1570,0,0.8546462059020996,1
9,1,0.9990386962890625,1
109,1,0.6951777338981628,1
661,1,0.13718809187412262,0
1260,0,0.9984945058822632,1
1507,0,0.09951414167881012,0
949,0,0.9997326731681824,1
1485,0,0.959762454032898,1
803,1,0.42743566632270813,0
839,1,0.9996384382247925,1
568,1,0.9997456669807434,1
171,1,0.6779829859733582,1
1558,0,0.030609531328082085,0
251,1,0.9994089603424072,1
397,1,0.9985529780387878,1
1325,0,0.048597220331430435,0
961,0,0.04465291649103165,0
1180,0,0.9997566342353821,1
552,1,0.08962024003267288,0
1469,0,0.6247814297676086,1
1125,0,0.9997531771659851,1
1319,0,0.7707446813583374,1
672,1,0.9996824264526367,1
1379,0,0.7713643312454224,1
1591,0,0.9994509816169739,1
209,1,0.9997817873954773,1
988,0,0.550023078918457,1
1714,0,0.9988409876823425,1
375,1,0.07541289925575256,0
115,1,0.9997449517250061,1
741,1,0.9345142245292664,1
1547,0,0.16651171445846558,0
389,1,0.9997686743736267,1
326,1,0.5743620991706848,1
1360,0,0.8509929180145264,1
1484,0,0.9996979236602783,1
137,1,0.022674240171909332,0
34,1,0.9996188879013062,1
1221,0,0.2096245437860489,0
764,1,0.999762237071991,1
315,1,0.9797915816307068,1
66,1,0.06269587576389313,0
1574,0,0.13657718896865845,0
867,1,0.9996932744979858,1
632,1,0.5892875790596008,1
814,1,0.05687971040606499,0
114,1,0.9994133710861206,1
931,0,0.9997009038925171,1
1151,0,0.9997461438179016,1
303,1,0.1494678109884262,0
1666,0,0.023459261283278465,0
1010,0,0.9996308088302612,1
100,1,0.058833785355091095,0
272,1,0.26488232612609863,0
288,1,0.05333917587995529,0
688,1,0.9853354692459106,1
1316,0,0.03908549249172211,0
1313,0,0.9997634291648865,1
855,1,0.999731719493866,1
123,1,0.6760603189468384,1
1195,0,0.999516487121582,1
612,1,0.07448747009038925,0
396,1,0.9995635151863098,1
604,1,0.9929013848304749,1
727,1,0.9996638298034668,1
492,1,0.23693513870239258,0
1240,0,0.9675592184066772,1
1477,0,0.9997326731681824,1
516,1,0.9997348189353943,1
1358,0,0.9994916915893555,1
1203,0,0.9994014501571655,1
555,1,0.999619722366333,1
899,0,0.18200893700122833,0
61,1,0.15138021111488342,0
1006,0,0.9997114539146423,1
573,1,0.999683141708374,1
445,1,0.9995397329330444,1
174,1,0.9559486508369446,1
713,1,0.4535502791404724,0
788,1,0.08503032475709915,0
1594,0,0.9996194839477539,1
393,1,0.6048316955566406,1
173,1,0.6626102328300476,1
1056,0,0.9991851449012756,1
55,1,0.999716579914093,1
686,1,0.9977654218673706,1
1241,0,0.0477779395878315,0
635,1,0.9997172951698303,1
240,1,0.9985781908035278,1
116,1,0.9997743964195251,1
151,1,0.45920631289482117,0
646,1,0.19298717379570007,0
766,1,0.9766857028007507,1
44,1,0.9969905614852905,1
218,1,0.9995118379592896,1
1451,0,0.3359124958515167,0
698,1,0.9996564388275146,1
832,1,0.7218046188354492,1
1140,0,0.6623114943504333,1
726,1,0.9775787591934204,1
444,1,0.9990909099578857,1
229,1,0.6367515325546265,1
124,1,0.9996827840805054,1
1452,0,0.026866458356380463,0
510,1,0.26264530420303345,0
898,0,0.9997326731681824,1
1100,0,0.9997856020927429,1
1357,0,0.999744713306427,1
362,1,0.5401663780212402,1
487,1,0.03711129352450371,0
80,1,0.4147523045539856,0
879,0,0.999680757522583,1
256,1,0.999729335308075,1
1301,0,0.9996964931488037,1
720,1,0.8936882019042969,1
911,0,0.537826418876648,1
426,1,0.9996789693832397,1
414,1,0.9997232556343079,1
1370,0,0.05618737265467644,0
1669,0,0.9997528195381165,1
1495,0,0.9997401833534241,1
297,1,0.024817319586873055,0
973,0,0.6551898717880249,1
2,1,0.9996767044067383,1
1454,0,0.9706434011459351,1
1368,0,0.3024163842201233,0
1617,0,0.8066641092300415,1
595,1,0.9995731711387634,1
391,1,0.9996786117553711,1
1463,0,0.9996761083602905,1
328,1,0.999527096748352,1
1497,0,0.9997583031654358,1
1721,0,0.844779908657074,1
1105,0,0.6583952903747559,1
1468,0,0.3099586069583893,0
657,1,0.18200893700122833,0
639,1,0.9984014630317688,1
772,1,0.5643719434738159,1
1005,0,0.5835946202278137,1
1376,0,0.9996247291564941,1
1141,0,0.09214835613965988,0
1032,0,0.20162734389305115,0
1539,0,0.9997299313545227,1
23,1,0.9997356534004211,1
276,1,0.6515183448791504,1
1212,0,0.999479353427887,1
1689,0,0.9997549653053284,1
1092,0,0.3153817057609558,0
1192,0,0.99960857629776,1
1470,0,0.9996999502182007,1
862,1,0.9997844099998474,1
1046,0,0.42061370611190796,0
464,1,0.9997722506523132,1
476,1,0.01760198175907135,0
695,1,0.047953054308891296,0
1356,0,0.9992747902870178,1
1597,0,0.9997865557670593,1
1073,0,0.999643087387085,1
1456,0,0.745955765247345,1
74,1,0.9996738433837891,1
1720,0,0.999568521976471,1
21,1,0.9996211528778076,1
175,1,0.9995899796485901,1
26,1,0.511801540851593,1
930,0,0.9995841383934021,1
1521,0,0.9996185302734375,1
385,1,0.9993681311607361,1
1233,0,0.9996935129165649,1
970,0,0.25031307339668274,0
1608,0,0.8070740103721619,1
103,1,0.9997027516365051,1
1723,0,0.9996247291564941,1
183,1,0.9996583461761475,1
714,1,0.9754811525344849,1
761,1,0.6950816512107849,1
1576,0,0.9997139573097229,1
863,1,0.017905425280332565,0
519,1,0.6991876363754272,1
486,1,0.9997579455375671,1
336,1,0.999303936958313,1
1292,0,0.8174343109130859,1
884,0,0.9997804760932922,1
881,0,0.9997546076774597,1
1489,0,0.9997575879096985,1
1571,0,0.9997449517250061,1
1040,0,0.9996598958969116,1
835,1,0.9080013036727905,1
719,1,0.11747007071971893,0
119,1,0.8837911486625671,1
591,1,0.998588502407074,1
524,1,0.6626245379447937,1
180,1,0.9731542468070984,1
1061,0,0.6699636578559875,1
975,0,0.9991461038589478,1
950,0,0.9522415399551392,1
1603,0,0.020959416404366493,0
740,1,0.9997838139533997,1
1729,0,0.025588341057300568,0
940,0,0.9997751116752625,1
903,0,0.685375452041626,1
1515,0,0.8039237856864929,1
478,1,0.7334451079368591,1
571,1,0.9994906187057495,1
1331,0,0.2023160755634308,0
1283,0,0.7706770300865173,1
511,1,0.9997377991676331,1
1129,0,0.9985076785087585,1
1556,0,0.9995657801628113,1
1256,0,0.5881085395812988,1
1022,0,0.9997513890266418,1
381,1,0.9997422099113464,1
1255,0,0.9614474773406982,1
236,1,0.9989920258522034,1
292,1,0.9997803568840027,1
217,1,0.9995817542076111,1
83,1,0.9997472167015076,1
1718,0,0.9995416402816772,1
598,1,0.027657274156808853,0
538,1,0.3301425874233246,0
1550,0,0.9996163845062256,1
953,0,0.9988012313842773,1
1688,0,0.9997475743293762,1
334,1,0.9997801184654236,1
52,1,0.10389890521764755,0
320,1,0.8968989253044128,1
1057,0,0.10452034324407578,0
1231,0,0.9996370077133179,1
456,1,0.9997846484184265,1
708,1,0.9997846484184265,1
1060,0,0.9997822642326355,1
1494,0,0.9648799896240234,1
676,1,0.999756395816803,1
1390,0,0.04213257133960724,0
1014,0,0.9996485710144043,1
1510,0,0.021009454503655434,0
1529,0,0.9728379845619202,1
870,0,0.0940774530172348,0
583,1,0.9994102716445923,1
344,1,0.020582078024744987,0
918,0,0.9994882345199585,1
667,1,0.9994115829467773,1
535,1,0.99845290184021,1
1552,0,0.51937335729599,1
1629,0,0.9996577501296997,1
1306,0,0.5124574303627014,1
1145,0,0.7225424647331238,1
1496,0,0.5969576835632324,1
252,1,0.4561355412006378,0
652,1,0.9997848868370056,1
540,1,0.9973750114440918,1
1577,0,0.9910261034965515,1
418,1,0.9997493624687195,1
822,1,0.9744318723678589,1
406,1,0.13082295656204224,0
318,1,0.9984717965126038,1
585,1,0.2440643310546875,0
433,1,0.1442662626504898,0
554,1,0.9997283816337585,1
1109,0,0.9997590184211731,1
500,1,0.999757707118988,1
249,1,0.027179745957255363,0
1013,0,0.9994481205940247,1
337,1,0.910738468170166,1
1133,0,0.9986384510993958,1
749,1,0.9997677206993103,1
312,1,0.026530267670750618,0
864,1,0.9997909665107727,1
1284,0,0.8249824643135071,1
1225,0,0.9997302889823914,1
1007,0,0.7497618198394775,1
1272,0,0.94468754529953,1
107,1,0.9987855553627014,1
47,1,0.4208644926548004,0
872,0,0.9971555471420288,1
865,1,0.9995872378349304,1
651,1,0.3625124990940094,0
1671,0,0.9997467398643494,1
985,0,0.9247108697891235,1
1406,0,0.8991361260414124,1
289,1,0.9997649788856506,1
1392,0,0.9997758269309998,1
1110,0,0.039869170635938644,0
1334,0,0.9995278120040894,1
619,1,0.30762284994125366,0
919,0,0.8865250945091248,1
354,1,0.9990012049674988,1
1096,0,0.03920675441622734,0
1143,0,0.4326702654361725,0
253,1,0.9997606873512268,1
1310,0,0.9997329115867615,1
681,1,0.9727429151535034,1
664,1,0.6020130515098572,1
517,1,0.9997451901435852,1
144,1,0.9990645051002502,1
53,1,0.9996767044067383,1
753,1,0.9997825026512146,1
755,1,0.12446562945842743,0
64,1,0.9995824694633484,1
1381,0,0.9655433893203735,1
244,1,0.9997654557228088,1
1705,0,0.9996856451034546,1
278,1,0.6337593793869019,1
929,0,0.053558334708213806,0
1513,0,0.9996474981307983,1
938,0,0.08779919147491455,0
610,1,0.5751746296882629,1
348,1,0.7709633708000183,1
1579,0,0.9997449517250061,1
859,1,0.9658154845237732,1
1086,0,0.9995319843292236,1
738,1,0.9994828701019287,1
106,1,0.9994139671325684,1
1291,0,0.9997395873069763,1
248,1,0.9997683167457581,1
828,1,0.9997279047966003,1
13,1,0.38443723320961,0
1173,0,0.7899725437164307,1
1166,0,0.9990658164024353,1
1264,0,0.9994522929191589,1
319,1,0.033921584486961365,0
850,1,0.4225008189678192,0
756,1,0.9974719882011414,1
1395,0,0.030577292665839195,0
1450,0,0.9993335604667664,1
507,1,0.8401257991790771,1
214,1,0.9996623992919922,1
512,1,0.07195877283811569,0
1033,0,0.9994906187057495,1
809,1,0.049342770129442215,0
1575,0,0.024104369804263115,0
627,1,0.9996175765991211,1
1027,0,0.5108453631401062,1
89,1,0.8969570398330688,1
264,1,0.9997852444648743,1
162,1,0.38423290848731995,0
12,1,0.9997875094413757,1
733,1,0.9997723698616028,1
522,1,0.8392505645751953,1
1401,0,0.34917497634887695,0
370,1,0.9997813105583191,1
1146,0,0.9997598528862,1
1560,0,0.26825693249702454,0
219,1,0.9993477463722229,1
736,1,0.557478666305542,1
721,1,0.9749574661254883,1
197,1,0.11709880083799362,0
1693,0,0.05317423865199089,0
307,1,0.3616127669811249,0
1427,0,0.9995841383934021,1
1337,0,0.7042180895805359,1
827,1,0.8695154190063477,1
57,1,0.5672427415847778,1
1378,0,0.9996227025985718,1
1506,0,0.9997461438179016,1
1637,0,0.679246723651886,1
1348,0,0.4994920492172241,0
526,1,0.3326583504676819,0
1632,0,0.999767005443573,1
1139,0,0.4330359101295471,0
534,1,0.9996039271354675,1
748,1,0.9997449517250061,1
105,1,0.43805354833602905,0
630,1,0.999762237071991,1
515,1,0.03932834416627884,0
900,0,0.9997311234474182,1
617,1,0.9996623992919922,1
11,1,0.9996217489242554,1
1058,0,0.037770673632621765,0
96,1,0.999784529209137,1
467,1,0.2709543704986572,0
622,1,0.6484554409980774,1
99,1,0.6922414302825928,1
268,1,0.04039853438735008,0
670,1,0.40903180837631226,0
1432,0,0.6958879232406616,1
1359,0,0.90595942735672,1
1084,0,0.04075780138373375,0
745,1,0.9997867941856384,1
991,0,0.9997331500053406,1
1335,0,0.9997456669807434,1
1517,0,0.9997435212135315,1
1449,0,0.9911215305328369,1
1708,0,0.030407501384615898,0
238,1,0.9774516224861145,1
1175,0,0.9160889387130737,1
1733,0,0.9908273816108704,1
542,1,0.31666675209999084,0
234,1,0.045584533363580704,0
226,1,0.9987595081329346,1
1162,0,0.9995633959770203,1
804,1,0.5921348333358765,1
1542,0,0.061952222138643265,0
1697,0,0.9996532201766968,1
993,0,0.9469799399375916,1
1339,0,0.8672805428504944,1
913,0,0.9997641444206238,1
1396,0,0.09282048046588898,0
489,1,0.9317072033882141,1
645,1,0.9996798038482666,1
625,1,0.24944449961185455,0
1136,0,0.9980922341346741,1
1112,0,0.9996829032897949,1
298,1,0.9997536540031433,1
35,1,0.024335039779543877,0
558,1,0.9946233034133911,1
778,1,0.06653221696615219,0
697,1,0.9995050430297852,1
350,1,0.10753871500492096,0
658,1,0.03705889359116554,0
1420,0,0.9996752738952637,1
121,1,0.04562981426715851,0
1036,0,0.9995554089546204,1
616,1,0.9996882677078247,1
1216,0,0.9997735619544983,1
873,0,0.9997420907020569,1
1687,0,0.9965930581092834,1
1655,0,0.5179973840713501,1
364,1,0.9988083839416504,1
1324,0,0.9958315491676331,1
1303,0,0.7772966027259827,1
1170,0,0.9997650980949402,1
608,1,0.5345293283462524,1
1218,0,0.7808552980422974,1
1070,0,0.07486922293901443,0
869,0,0.4981459677219391,0
785,1,0.08428219705820084,0
443,1,0.11186601221561432,0
508,1,0.11765003204345703,0
666,1,0.26455259323120117,0
1328,0,0.085283063352108,0
799,1,0.9993701577186584,1
22,1,0.7006884217262268,1
274,1,0.9997785687446594,1
1483,0,0.9997201561927795,1
1479,0,0.9996684789657593,1
659,1,0.06282391399145126,0
1670,0,0.03256748244166374,0
894,0,0.8069552183151245,1
1633,0,0.9997485280036926,1
588,1,0.8728495836257935,1
819,1,0.9993701577186584,1
735,1,0.0621984489262104,0
1478,0,0.9997690320014954,1
1298,0,0.9992514252662659,1
1734,0,0.6942669153213501,1
998,0,0.8332059383392334,1
747,1,0.04309622943401337,0
1200,0,0.1768331527709961,0
468,1,0.9996461868286133,1
1336,0,0.9997541308403015,1
768,1,0.9997146725654602,1
1557,0,0.5260933041572571,1
717,1,0.99978107213974,1
1561,0,0.9997355341911316,1
1138,0,0.9073458313941956,1
327,1,0.9298398494720459,1
798,1,0.6408767700195312,1
1656,0,0.9996905326843262,1
637,1,0.09267131984233856,0
935,0,0.1336929053068161,0
628,1,0.9997029900550842,1
1063,0,0.8491676449775696,1
1134,0,0.9997226595878601,1
1168,0,0.4613691568374634,0
704,1,0.4797438085079193,0
182,1,0.9439156651496887,1
1695,0,0.3173955976963043,0
844,1,0.9997661709785461,1
1397,0,0.14738862216472626,0
1587,0,0.03305819630622864,0
1534,0,0.08936294168233871,0
1176,0,0.9997957348823547,1
1285,0,0.9991245865821838,1
1207,0,0.030232295393943787,0
440,1,0.9995020627975464,1
699,1,0.9997853636741638,1
1404,0,0.9997026324272156,1
1619,0,0.99977046251297,1
1438,0,0.9997215867042542,1
1196,0,0.9997697472572327,1
146,1,0.9996662139892578,1
914,0,0.9996004700660706,1
1251,0,0.99967360496521,1
1382,0,0.9992533326148987,1
1435,0,0.9954467415809631,1
729,1,0.4625626802444458,0
780,1,0.9997026324272156,1
382,1,0.9997149109840393,1
237,1,0.33796948194503784,0
371,1,0.7184919714927673,1
1461,0,0.11698787659406662,0
427,1,0.9997629523277283,1
1437,0,0.10830005258321762,0
917,0,0.9995490908622742,1
202,1,0.9997959733009338,1
17,1,0.9996132254600525,1
1160,0,0.602568507194519,1
860,1,0.7660050392150879,1
1158,0,0.1878669410943985,0
342,1,0.9997771382331848,1
1206,0,0.9994472861289978,1
243,1,0.3876973092556,0
956,0,0.16203373670578003,0
1429,0,0.9843399524688721,1
1636,0,0.9996974468231201,1
948,0,0.11743970960378647,0
118,1,0.9371293187141418,1
887,0,0.9672388434410095,1
849,1,0.08022188395261765,0
299,1,0.9984995126724243,1
797,1,0.03069296106696129,0
266,1,0.04990158975124359,0
1024,0,0.27697381377220154,0
504,1,0.3799656331539154,0
576,1,0.7609266042709351,1
1263,0,0.6869308352470398,1
1711,0,0.999748170375824,1
1278,0,0.9995044469833374,1
1581,0,0.9997792840003967,1
587,1,0.25975263118743896,0
132,1,0.03033078834414482,0
82,1,0.56696617603302,1
811,1,0.5417022109031677,1
794,1,0.09897132962942123,0
690,1,0.9997110962867737,1
113,1,0.9913472533226013,1
1434,0,0.9990909099578857,1
943,0,0.07336380332708359,0
958,0,0.9995786547660828,1
463,1,0.5526039600372314,1
365,1,0.9997450709342957,1
1083,0,0.02398923970758915,0
611,1,0.5114368200302124,1
1059,0,0.03917907923460007,0
1472,0,0.6037498712539673,1
76,1,0.14885690808296204,0
352,1,0.9997262358665466,1
245,1,0.5193679332733154,1
965,0,0.9989759922027588,1
485,1,0.9995502829551697,1
817,1,0.0414527989923954,0
1640,0,0.5546896457672119,1
338,1,0.7312711477279663,1
281,1,0.999512791633606,1
691,1,0.9993118047714233,1
1606,0,0.9991917014122009,1
594,1,0.9015730619430542,1
1583,0,0.9841085076332092,1
1045,0,0.9997261166572571,1
40,1,0.9991614818572998,1
533,1,0.9995099306106567,1
702,1,0.9899210929870605,1
1572,0,0.6398237943649292,1
4,1,0.9994838237762451,1
1130,0,0.7655116319656372,1
968,0,0.9995874762535095,1
1530,0,0.9996438026428223,1
304,1,0.9997401833534241,1
1700,0,0.03444802388548851,0
51,1,0.02612634003162384,0
1275,0,0.939090371131897,1
1589,0,0.9878382682800293,1
394,1,0.624182403087616,1
390,1,0.8069193959236145,1
1259,0,0.9996738433837891,1
1144,0,0.9446040391921997,1
1549,0,0.35886672139167786,0
1296,0,0.8599422574043274,1
888,0,0.9945564270019531,1
820,1,0.38951802253723145,0
462,1,0.9995637536048889,1
1446,0,0.9996495246887207,1
641,1,0.023257942870259285,0
97,1,0.9997518658638,1
1537,0,0.19360150396823883,0
1663,0,0.9997307658195496,1
1361,0,0.24407008290290833,0
1000,0,0.9995443224906921,1
1680,0,0.09917566925287247,0
1123,0,0.40776464343070984,0
1330,0,0.999613344669342,1
1418,0,0.9992190599441528,1
387,1,0.03270909935235977,0
846,1,0.9996570348739624,1
262,1,0.9962129592895508,1
1234,0,0.7209725379943848,1
947,0,0.04562753811478615,0
46,1,0.9997324347496033,1
746,1,0.07105416059494019,0
781,1,0.9992522597312927,1
188,1,0.3000519871711731,0
166,1,0.08874041587114334,0
155,1,0.05380304530262947,0
1504,0,0.9997497200965881,1
1341,0,0.9154292345046997,1
680,1,0.9996694326400757,1
1229,0,0.9996907711029053,1
1276,0,0.03675093129277229,0
707,1,0.8499374985694885,1
802,1,0.9985062479972839,1
874,0,0.9997662901878357,1
1182,0,0.999652624130249,1
1616,0,0.9996873140335083,1
1342,0,0.659419059753418,1
324,1,0.9997734427452087,1
1265,0,0.8754554390907288,1
532,1,0.999745786190033,1
1243,0,0.06334198266267776,0
1553,0,0.023229122161865234,0
596,1,0.9996936321258545,1
407,1,0.035884976387023926,0
18,1,0.761511504650116,1
1066,0,0.017341073602437973,0
983,0,0.9992762207984924,1
466,1,0.21819445490837097,0
770,1,0.04712717607617378,0
1433,0,0.9991121888160706,1
1090,0,0.9996532201766968,1
1107,0,0.9997326731681824,1
1320,0,0.15327408909797668,0
857,1,0.9997556805610657,1
1235,0,0.9965852499008179,1
890,0,0.9997701048851013,1
1124,0,0.9997201561927795,1
1186,0,0.999672532081604,1
1611,0,0.9995182752609253,1
842,1,0.031123925000429153,0
439,1,0.9838962554931641,1
32,1,0.035731904208660126,0
161,1,0.9757153391838074,1
191,1,0.9710379242897034,1
1444,0,0.9782588481903076,1
49,1,0.10346506536006927,0
1375,0,0.6116271018981934,1
1535,0,0.740847110748291,1
557,1,0.9997535347938538,1
1384,0,0.9991851449012756,1
854,1,0.05304422974586487,0
660,1,0.999723494052887,1
302,1,0.8438576459884644,1
459,1,0.9997602105140686,1
1215,0,0.9997804760932922,1
479,1,0.936359703540802,1
1704,0,0.06937944144010544,0
399,1,0.6368395090103149,1
1286,0,0.9869157075881958,1
693,1,0.9979069232940674,1
1028,0,0.30297037959098816,0
67,1,0.9996868371963501,1
1419,0,0.9996024966239929,1
945,0,0.1125108152627945,0
1526,0,0.9591979384422302,1
1346,0,0.9997078776359558,1
1520,0,0.9995751976966858,1
623,1,0.9995841383934021,1
909,0,0.8882153630256653,1
1150,0,0.5681092739105225,1
711,1,0.05689235031604767,0
1021,0,0.0194659736007452,0
1660,0,0.23664714395999908,0
1343,0,0.43840330839157104,0
1481,0,0.029671717435121536,0
81,1,0.5720409750938416,1
41,1,0.5394895076751709,1
769,1,0.0242767296731472,0
1246,0,0.7935768961906433,1
147,1,0.4504501521587372,0
263,1,0.8604464530944824,1
601,1,0.14148645102977753,0
1214,0,0.9996803998947144,1
1659,0,0.9958125948905945,1
1289,0,0.9997556805610657,1
592,1,0.06355150043964386,0
710,1,0.9500302076339722,1
416,1,0.9986687898635864,1
112,1,0.9448074698448181,1
141,1,0.06123742461204529,0
758,1,0.2792540490627289,0
1117,0,0.9997225403785706,1
1363,0,0.6337239146232605,1
847,1,0.3666777014732361,0
705,1,0.9997290968894958,1
796,1,0.11004813015460968,0
1667,0,0.9997262358665466,1
1628,0,0.7699793577194214,1
1613,0,0.999459445476532,1
1062,0,0.9997720122337341,1
1509,0,0.08644586056470871,0
129,1,0.9997357726097107,1
1085,0,0.999049723148346,1
1685,0,0.9951993823051453,1
1523,0,0.5992364287376404,1
63,1,0.9997575879096985,1
20,1,0.9997346997261047,1
1443,0,0.11580287665128708,0
1458,0,0.6952950954437256,1
927,0,0.9997730851173401,1
673,1,0.9226847887039185,1
216,1,0.6664016246795654,1
201,1,0.9997431635856628,1
1340,0,0.9957334399223328,1
1722,0,0.6570478081703186,1
1280,0,0.9996329545974731,1
1728,0,0.9654889106750488,1
480,1,0.7959535121917725,1
976,0,0.994460940361023,1
1064,0,0.9996803998947144,1
1411,0,0.9994518160820007,1
548,1,0.9997382760047913,1
1588,0,0.8359068036079407,1
30,1,0.02854396589100361,0
600,1,0.8849950432777405,1
1297,0,0.9996830224990845,1
1696,0,0.9996405839920044,1
340,1,0.2884424924850464,0
1651,0,0.9997637867927551,1
1466,0,0.9994174242019653,1
1094,0,0.6437675356864929,1
614,1,0.9526677131652832,1
401,1,0.7030832171440125,1
290,1,0.9994006156921387,1
834,1,0.10680849850177765,0
892,0,0.38763177394866943,0
603,1,0.623196005821228,1
589,1,0.7258309125900269,1
169,1,0.04860652610659599,0
231,1,0.9993545413017273,1
403,1,0.027842795476317406,0
428,1,0.9997977614402771,1
1480,0,0.9997503161430359,1
1075,0,0.26825693249702454,0
1088,0,0.9883316159248352,1
420,1,0.037911541759967804,0
944,0,0.9996304512023926,1
469,1,0.9995759129524231,1
122,1,0.9997156262397766,1
323,1,0.9995726943016052,1
1279,0,0.6243696808815002,1
885,0,0.04748719930648804,0
54,1,0.02378462255001068,0
179,1,0.9995895028114319,1
1369,0,0.8942241072654724,1
974,0,0.22643598914146423,0
178,1,0.9983785152435303,1
1445,0,0.9994900226593018,1
1620,0,0.7365919351577759,1
963,0,0.9997784495353699,1
1345,0,0.9997499585151672,1
841,1,0.04503123462200165,0
868,1,0.8593590259552002,1
1654,0,0.7785727381706238,1
1554,0,0.8017842769622803,1
631,1,0.999727189540863,1
521,1,0.9891153573989868,1
1643,0,0.9680162072181702,1
1653,0,0.9993240833282471,1
1127,0,0.9984059929847717,1
1524,0,0.9989746809005737,1
206,1,0.9289259314537048,1
24,1,0.33098745346069336,0
1037,0,0.9996987581253052,1
92,1,0.9997338652610779,1
1101,0,0.22875435650348663,0
250,1,0.9997455477714539,1
1503,0,0.546151340007782,1
1607,0,0.6961542367935181,1
902,0,0.9895629286766052,1
570,1,0.3933824300765991,0
1137,0,0.9989153146743774,1
751,1,0.9565315842628479,1
27,1,0.9997778534889221,1
1072,0,0.833864688873291,1
359,1,0.03965272754430771,0
1288,0,0.999774158000946,1
160,1,0.9997853636741638,1
1465,0,0.7304607629776001,1
196,1,0.9996799230575562,1
239,1,0.8738551139831543,1
283,1,0.9988343119621277,1
905,0,0.06137936934828758,0
1113,0,0.9399730563163757,1
441,1,0.15170632302761078,0
812,1,0.8398449420928955,1
1252,0,0.5887875556945801,1
1268,0,0.08288949728012085,0
384,1,0.9994422793388367,1
1522,0,0.5399259924888611,1
1674,0,0.9989035129547119,1
1426,0,0.5583021640777588,1
852,1,0.9997140765190125,1
134,1,0.7588224411010742,1
1374,0,0.9994503855705261,1
1197,0,0.8645790815353394,1
1672,0,0.30061736702919006,0
1462,0,0.9996768236160278,1
1709,0,0.9730119109153748,1
93,1,0.860949695110321,1
995,0,0.9218650460243225,1
1287,0,0.9989043474197388,1
153,1,0.9997604489326477,1
649,1,0.9990328550338745,1
472,1,0.024855131283402443,0
84,1,0.9995583891868591,1
1219,0,0.6031159162521362,1
368,1,0.9996987581253052,1
1048,0,0.9243042469024658,1
1665,0,0.9997619986534119,1
189,1,0.08714362978935242,0
1377,0,0.3522944748401642,0
39,1,0.9934991598129272,1
1511,0,0.9618902206420898,1
357,1,0.9993637204170227,1
317,1,0.740951418876648,1
176,1,0.9996334314346313,1
358,1,0.9997108578681946,1
754,1,0.9992153644561768,1
777,1,0.7566189765930176,1
1116,0,0.12311013787984848,0
837,1,0.5413902997970581,1
618,1,0.585983157157898,1
739,1,0.989577054977417,1
833,1,0.5731462836265564,1
1405,0,0.49915561079978943,0
1578,0,0.689383864402771,1
543,1,0.99845290184021,1
257,1,0.9997748732566833,1
1189,0,0.158516988158226,0
143,1,0.49133703112602234,0
1644,0,0.9971702694892883,1
207,1,0.9993364214897156,1
135,1,0.9997411370277405,1
98,1,0.9996627569198608,1
920,0,0.38482221961021423,0
1421,0,0.35975924134254456,0
65,1,0.9549936652183533,1
569,1,0.9977655410766602,1
556,1,0.586746335029602,1
497,1,0.9997143149375916,1
1400,0,0.05460335686802864,0
75,1,0.5649546980857849,1
1042,0,0.999728262424469,1
345,1,0.3984552323818207,0
235,1,0.7052208781242371,1
1488,0,0.9991486072540283,1
1155,0,0.9997653365135193,1
145,1,0.9973940849304199,1
966,0,0.9997840523719788,1
1227,0,0.07645786553621292,0
1683,0,0.12155280262231827,0
59,1,0.6570478081703186,1
29,1,0.9997408986091614,1
1727,0,0.33752694725990295,0
838,1,0.9997573494911194,1
1159,0,0.49311843514442444,0
177,1,0.9870229363441467,1
502,1,0.9996203184127808,1
417,1,0.8301238417625427,1
851,1,0.9992945194244385,1
1089,0,0.3896433711051941,0
916,0,0.9993324875831604,1
156,1,0.9996901750564575,1
1630,0,0.5748476982116699,1
1208,0,0.10219673067331314,0
471,1,0.9629495739936829,1
1631,0,0.9974053502082825,1
1584,0,0.9995874762535095,1
322,1,0.9997357726097107,1
159,1,0.9997465014457703,1
679,1,0.2176712602376938,0
402,1,0.9996849298477173,1
241,1,0.9996204376220703,1
95,1,0.6494828462600708,1
1026,0,0.2374262660741806,0
1490,0,0.9997084736824036,1
454,1,0.8817054033279419,1
671,1,0.2734725773334503,0
1247,0,0.664327085018158,1
826,1,0.1762746274471283,0
907,0,0.02991383895277977,0
951,0,0.023285815492272377,0
1676,0,0.7977594137191772,1
779,1,0.7116348743438721,1
1118,0,0.3463722765445709,0
946,0,0.7631996273994446,1
650,1,0.06440199166536331,0
58,1,0.9995941519737244,1
915,0,0.9996030926704407,1
71,1,0.9969954490661621,1
455,1,0.14998182654380798,0
1716,0,0.9994893074035645,1
1317,0,0.5364235043525696,1
1403,0,0.9997250437736511,1
939,0,0.9995612502098083,1
1623,0,0.9996925592422485,1
906,0,0.7374639511108398,1
843,1,0.9593477845191956,1
1365,0,0.06872955709695816,0
624,1,0.1298115998506546,0
1069,0,0.7909724712371826,1
1541,0,0.9996378421783447,1
1678,0,0.9996132254600525,1
605,1,0.9997153878211975,1
845,1,0.07237827777862549,0
897,0,0.9995148181915283,1
677,1,0.9995948672294617,1
752,1,0.963982343673706,1
1692,0,0.9997639060020447,1
442,1,0.9993682503700256,1
280,1,0.6829171180725098,1
198,1,0.6496136784553528,1
1354,0,0.9987595081329346,1
1564,0,0.8967426419258118,1
1615,0,0.9997150301933289,1
1639,0,0.7405251264572144,1
404,1,0.999646782875061,1
1532,0,0.041619639843702316,0
1453,0,0.6342044472694397,1
883,0,0.8966119289398193,1
1017,0,0.9600020051002502,1
1053,0,0.8635157942771912,1
1474,0,0.9958170056343079,1
518,1,0.999495267868042,1
186,1,0.9995404481887817,1
1104,0,0.3317831754684448,0
638,1,0.8401538729667664,1
1347,0,0.3076973557472229,0
225,1,0.030347298830747604,0
360,1,0.16500218212604523,0
1269,0,0.14176598191261292,0
967,0,0.9997385144233704,1
1248,0,0.9923031330108643,1
620,1,0.9997342228889465,1
1673,0,0.038886912167072296,0
722,1,0.9997236132621765,1
980,0,0.02205948531627655,0
1661,0,0.9996825456619263,1
1425,0,0.06642114371061325,0
528,1,0.26919886469841003,0
923,0,0.05743607506155968,0
232,1,0.019280213862657547,0
829,1,0.9919217824935913,1
979,0,0.9966523051261902,1
1399,0,0.575721263885498,1
94,1,0.9997451901435852,1
1171,0,0.9997109770774841,1
921,0,0.3799804449081421,0
981,0,0.5280928015708923,1
629,1,0.9997568726539612,1
246,1,0.06406751275062561,0
1725,0,0.9991235136985779,1
38,1,0.10824885964393616,0
1030,0,0.04956907406449318,0
1282,0,0.9511074423789978,1
509,1,0.037770673632621765,0
1736,0,0.9997597336769104,1
1698,0,0.8967682719230652,1
1020,0,0.9996501207351685,1
644,1,0.9996150732040405,1
992,0,0.819649338722229,1
1544,0,0.1584954857826233,0
339,1,0.22794122993946075,0
730,1,0.838380753993988,1
687,1,0.2537441849708557,0
1157,0,0.9996951818466187,1
1074,0,0.9996414184570312,1
599,1,0.9997549653053284,1
1049,0,0.9978082776069641,1
277,1,0.9997707009315491,1
1599,0,0.9910531640052795,1
1486,0,0.7087050676345825,1
1016,0,0.18905110657215118,0
78,1,0.1567823439836502,0
1163,0,0.07012408971786499,0
495,1,0.999677300453186,1
1726,0,0.8131572008132935,1
380,1,0.999180257320404,1
1604,0,0.0286543071269989,0
228,1,0.99969482421875,1
1614,0,0.02802335098385811,0
1315,0,0.020721308887004852,0
1261,0,0.999775230884552,1
997,0,0.4785500764846802,0
743,1,0.6951777338981628,1
1364,0,0.9997455477714539,1
1080,0,0.10691423714160919,0
1626,0,0.999772846698761,1
258,1,0.05723235011100769,0
1371,0,0.7742195725440979,1
636,1,0.9835224747657776,1
815,1,0.014885849319398403,0
1702,0,0.9997101426124573,1
1565,0,0.9997705817222595,1
1590,0,0.6635419130325317,1
821,1,0.41885772347450256,0
164,1,0.9994644522666931,1
432,1,0.9295521974563599,1
607,1,0.8085314035415649,1
421,1,0.9706434011459351,1
1460,0,0.5653149485588074,1
579,1,0.9806355834007263,1
1482,0,0.18803678452968597,0
436,1,0.9993857145309448,1
536,1,0.9994115829467773,1
959,0,0.9988927245140076,1
