ID,Original_Label,Finetune_baseline_Model_Probability,Finetune_baseline_Model_Prediction
1,1,0.9967172741889954,1
2,1,0.9986259937286377,1
3,1,0.9997720122337341,1
4,1,0.751150369644165,1
5,1,0.9995453953742981,1
6,1,0.9993278980255127,1
7,1,0.9992519021034241,1
8,1,0.9993890523910522,1
9,1,0.9997132420539856,1
10,1,0.9709703326225281,1
11,1,0.9991973042488098,1
12,1,0.9996795654296875,1
13,1,0.9995625615119934,1
14,1,0.9997500777244568,1
15,1,0.9995003938674927,1
16,1,0.9979329109191895,1
17,1,0.9989620447158813,1
18,1,0.9995784163475037,1
19,1,0.9996086955070496,1
20,1,0.999629020690918,1
21,1,0.9995972514152527,1
22,1,0.997368574142456,1
23,1,0.9997368454933167,1
24,1,0.9995217323303223,1
25,1,0.9993816614151001,1
26,1,0.9995848536491394,1
27,1,0.9994982481002808,1
28,1,0.9994801878929138,1
29,1,0.9996840953826904,1
30,1,0.9997534155845642,1
31,1,0.9993516802787781,1
32,1,0.9997135996818542,1
33,1,0.9995009899139404,1
34,1,0.9996929168701172,1
35,1,0.999671459197998,1
36,1,0.9996248483657837,1
37,1,0.9981628060340881,1
38,1,0.999519944190979,1
39,1,0.9996960163116455,1
40,1,0.9996873140335083,1
41,1,0.9997151494026184,1
42,1,0.9989290833473206,1
43,1,0.9993795156478882,1
44,1,0.9994314312934875,1
45,1,0.9936497807502747,1
46,1,0.9995695948600769,1
47,1,0.9994915723800659,1
48,1,0.9883163571357727,1
49,1,0.9969521760940552,1
50,1,0.9997476935386658,1
51,1,0.9978511333465576,1
52,1,0.9992152452468872,1
53,1,0.999496579170227,1
54,1,0.9996371269226074,1
55,1,0.9950974583625793,1
56,1,0.9996122717857361,1
57,1,0.9967934489250183,1
58,1,0.9985097050666809,1
59,1,0.999698281288147,1
60,1,0.36927276849746704,0
61,1,0.03600079193711281,0
62,1,0.9995872378349304,1
63,1,0.9994887113571167,1
64,1,0.9996020197868347,1
65,1,0.9991313815116882,1
66,1,0.9992889165878296,1
67,1,0.9989525079727173,1
68,1,0.9957646131515503,1
69,1,0.9995392560958862,1
70,1,0.999649167060852,1
71,1,0.999183714389801,1
72,1,0.9997358918190002,1
73,1,0.9823232293128967,1
74,1,0.9996819496154785,1
75,1,0.9995909333229065,1
76,1,0.9993129968643188,1
77,1,0.9965947270393372,1
78,1,0.9997468590736389,1
79,1,0.9995940327644348,1
80,1,0.9996539354324341,1
81,1,0.9967441558837891,1
82,1,0.9995131492614746,1
83,1,0.997407853603363,1
84,1,0.9950549602508545,1
85,1,0.9987717270851135,1
86,1,0.9846440553665161,1
87,1,0.9948703050613403,1
88,1,0.9994388222694397,1
89,1,0.9990729093551636,1
90,1,0.1683231145143509,0
91,1,0.9994568228721619,1
92,1,0.9965258240699768,1
93,1,0.9993119239807129,1
94,1,0.999715268611908,1
95,1,0.9997090697288513,1
96,1,0.9739742279052734,1
97,1,0.9993245601654053,1
98,1,0.9996764659881592,1
99,1,0.9995689988136292,1
100,1,0.9953816533088684,1
101,1,0.9996566772460938,1
102,1,0.9996521472930908,1
103,1,0.9995152950286865,1
104,1,0.9994316697120667,1
105,1,0.9996237754821777,1
106,1,0.9912200570106506,1
107,1,0.9991081357002258,1
108,1,0.9989640712738037,1
109,1,0.9995627999305725,1
110,1,0.9995385408401489,1
111,1,0.9865521788597107,1
112,1,0.9997029900550842,1
113,1,0.9997116923332214,1
114,1,0.9987388253211975,1
115,1,0.999651312828064,1
116,1,0.9993902444839478,1
117,1,0.9993508458137512,1
118,1,0.9975417852401733,1
119,1,0.9979071617126465,1
120,1,0.9985796213150024,1
121,1,0.9861820936203003,1
122,1,0.9956102967262268,1
123,1,0.7670978307723999,1
124,1,0.9997496008872986,1
125,1,0.9958280920982361,1
126,1,0.9994743466377258,1
127,1,0.9904143214225769,1
128,1,0.9978165626525879,1
129,1,0.9996368885040283,1
130,1,0.9996209144592285,1
131,1,0.999448835849762,1
132,1,0.9994381070137024,1
133,1,0.9884775280952454,1
134,1,0.9997410178184509,1
135,1,0.9994195699691772,1
136,1,0.9995375871658325,1
137,1,0.9997085928916931,1
138,1,0.9996893405914307,1
139,1,0.999607264995575,1
140,1,0.9994915723800659,1
141,1,0.997407853603363,1
142,1,0.9996508359909058,1
143,1,0.9996949434280396,1
144,1,0.9987460374832153,1
145,1,0.9990550875663757,1
146,1,0.9815313816070557,1
147,1,0.9993366599082947,1
148,1,0.9991945624351501,1
149,1,0.995932400226593,1
150,1,0.999198853969574,1
151,1,0.999687671661377,1
152,1,0.9993627667427063,1
153,1,0.9992924928665161,1
154,1,0.9995589852333069,1
155,1,0.9992035031318665,1
156,1,0.999119222164154,1
157,1,0.8045819997787476,1
158,1,0.9995900988578796,1
159,1,0.9916625022888184,1
160,1,0.9924917817115784,1
161,1,0.9087934494018555,1
162,1,0.999212384223938,1
163,1,0.999433696269989,1
164,1,0.9995879530906677,1
165,1,0.9995811581611633,1
166,1,0.8466439843177795,1
167,1,0.999529242515564,1
168,1,0.999600350856781,1
169,1,0.9993494153022766,1
170,1,0.9974282383918762,1
171,1,0.9997254014015198,1
172,1,0.9992291927337646,1
173,1,0.9969074130058289,1
174,1,0.9989487528800964,1
175,1,0.9941380023956299,1
176,1,0.9997283816337585,1
177,1,0.9486551284790039,1
178,1,0.9928869605064392,1
179,1,0.9904477596282959,1
180,1,0.9997040629386902,1
181,1,0.9993799924850464,1
182,1,0.9996424913406372,1
183,1,0.991182804107666,1
184,1,0.9995781779289246,1
185,1,0.9993744492530823,1
186,1,0.9996824264526367,1
187,1,0.9996781349182129,1
188,1,0.9997254014015198,1
189,1,0.9991901516914368,1
190,1,0.99960857629776,1
191,1,0.9994937181472778,1
192,1,0.9960087537765503,1
193,1,0.9995524287223816,1
194,1,0.9980617165565491,1
195,1,0.9996969699859619,1
196,1,0.9990109205245972,1
197,1,0.9612928628921509,1
198,1,0.9907549023628235,1
199,1,0.9943834543228149,1
200,1,0.9975394010543823,1
201,1,0.9764941334724426,1
202,1,0.9464839696884155,1
203,1,0.9993942975997925,1
204,1,0.9996048808097839,1
205,1,0.9994869232177734,1
206,1,0.9995253086090088,1
207,1,0.9951373934745789,1
208,1,0.9752899408340454,1
209,1,0.999678373336792,1
210,1,0.9996886253356934,1
211,1,0.993821382522583,1
212,1,0.9980244636535645,1
213,1,0.8599666357040405,1
214,1,0.9971139430999756,1
215,1,0.9977224469184875,1
216,1,0.9992276430130005,1
217,1,0.9995892643928528,1
218,1,0.9995371103286743,1
219,1,0.9995317459106445,1
220,1,0.9989604949951172,1
221,1,0.9991143345832825,1
222,1,0.9995729327201843,1
223,1,0.9993485808372498,1
224,1,0.9997524619102478,1
225,1,0.9990671277046204,1
226,1,0.998663067817688,1
227,1,0.9984354376792908,1
228,1,0.9996077418327332,1
229,1,0.9997068047523499,1
230,1,0.935499370098114,1
231,1,0.9984235763549805,1
232,1,0.9995187520980835,1
233,1,0.9996637105941772,1
234,1,0.9726114869117737,1
235,1,0.9993239641189575,1
236,1,0.8100801706314087,1
237,1,0.7304524779319763,1
238,1,0.9996141195297241,1
239,1,0.9997050166130066,1
240,1,0.999546229839325,1
241,1,0.9996540546417236,1
242,1,0.9996950626373291,1
243,1,0.6380084753036499,1
244,1,0.9995267391204834,1
245,1,0.9996483325958252,1
246,1,0.9929637908935547,1
247,1,0.9991045594215393,1
248,1,0.9996547698974609,1
249,1,0.9996328353881836,1
250,1,0.9978038668632507,1
251,1,0.9995574355125427,1
252,1,0.959380030632019,1
253,1,0.9835912585258484,1
254,1,0.9996999502182007,1
255,1,0.9996808767318726,1
256,1,0.9995949864387512,1
257,1,0.9978340268135071,1
258,1,0.9800192713737488,1
259,1,0.9932202100753784,1
260,1,0.9995550513267517,1
261,1,0.9997020363807678,1
262,1,0.9994458556175232,1
263,1,0.9985930323600769,1
264,1,0.9997544884681702,1
265,1,0.9965344667434692,1
266,1,0.9994206428527832,1
267,1,0.9994280934333801,1
268,1,0.9995545744895935,1
269,1,0.9984629154205322,1
270,1,0.9996324777603149,1
271,1,0.9953604340553284,1
272,1,0.988114058971405,1
273,1,0.9985207915306091,1
274,1,0.9948787689208984,1
275,1,0.9996905326843262,1
276,1,0.9991976618766785,1
277,1,0.9981733560562134,1
278,1,0.7274165749549866,1
279,1,0.998869001865387,1
280,1,0.6354666352272034,1
281,1,0.9466703534126282,1
282,1,0.9989270567893982,1
283,1,0.9993236064910889,1
284,1,0.9989111423492432,1
285,1,0.9994540810585022,1
286,1,0.9992961883544922,1
287,1,0.999755322933197,1
288,1,0.994131863117218,1
289,1,0.9948742985725403,1
290,1,0.9850696921348572,1
291,1,0.9994282126426697,1
292,1,0.9995071887969971,1
293,1,0.999661922454834,1
294,1,0.9994140863418579,1
295,1,0.9995989203453064,1
296,1,0.9994638562202454,1
297,1,0.9990686774253845,1
298,1,0.9976477026939392,1
299,1,0.9988166093826294,1
300,1,0.9997206330299377,1
301,1,0.9996092915534973,1
302,1,0.9997614026069641,1
303,1,0.9943851232528687,1
304,1,0.9997441172599792,1
305,1,0.933669924736023,1
306,1,0.9971681237220764,1
307,1,0.9857640862464905,1
308,1,0.9960643649101257,1
309,1,0.9422711730003357,1
310,1,0.9989466071128845,1
311,1,0.9993139505386353,1
312,1,0.9996106028556824,1
313,1,0.9986555576324463,1
314,1,0.9444975852966309,1
315,1,0.998944103717804,1
316,1,0.814932107925415,1
317,1,0.9995447993278503,1
318,1,0.9980608820915222,1
319,1,0.5170228481292725,1
320,1,0.9984298348426819,1
321,1,0.9841617345809937,1
322,1,0.9740434288978577,1
323,1,0.9750081300735474,1
324,1,0.9994043111801147,1
325,1,0.994574785232544,1
326,1,0.9908223152160645,1
327,1,0.999193012714386,1
328,1,0.9974588751792908,1
329,1,0.997158408164978,1
330,1,0.9543758630752563,1
331,1,0.9983185529708862,1
332,1,0.9523432850837708,1
333,1,0.9992819428443909,1
334,1,0.9995577931404114,1
335,1,0.998084545135498,1
336,1,0.9996647834777832,1
337,1,0.9993273019790649,1
338,1,0.9985494017601013,1
339,1,0.7227317094802856,1
340,1,0.9997614026069641,1
341,1,0.9996387958526611,1
342,1,0.9994117021560669,1
343,1,0.9994569420814514,1
344,1,0.9981580376625061,1
345,1,0.9925732612609863,1
346,1,0.9997182488441467,1
347,1,0.9950482249259949,1
348,1,0.9995163679122925,1
349,1,0.993055522441864,1
350,1,0.9383543133735657,1
351,1,0.9983028173446655,1
352,1,0.9996403455734253,1
353,1,0.999679446220398,1
354,1,0.99940025806427,1
355,1,0.9834644794464111,1
356,1,0.9997186064720154,1
357,1,0.9991381168365479,1
358,1,0.9997058510780334,1
359,1,0.9996699094772339,1
360,1,0.99956876039505,1
361,1,0.999672532081604,1
362,1,0.99957674741745,1
363,1,0.9984294772148132,1
364,1,0.9988952875137329,1
365,1,0.9991692304611206,1
366,1,0.9263496398925781,1
367,1,0.9992606043815613,1
368,1,0.8514837026596069,1
369,1,0.9321107268333435,1
370,1,0.9975765347480774,1
371,1,0.9995341300964355,1
372,1,0.958206057548523,1
373,1,0.9993523955345154,1
374,1,0.9994857311248779,1
375,1,0.9992771744728088,1
376,1,0.988943338394165,1
377,1,0.9981972575187683,1
378,1,0.9995056390762329,1
379,1,0.9994891881942749,1
380,1,0.9976772665977478,1
381,1,0.9964505434036255,1
382,1,0.9996893405914307,1
383,1,0.9996107220649719,1
384,1,0.9504727125167847,1
385,1,0.9997206330299377,1
386,1,0.995972216129303,1
387,1,0.9975289702415466,1
388,1,0.9985034465789795,1
389,1,0.9997232556343079,1
390,1,0.9968197345733643,1
391,1,0.9997010231018066,1
392,1,0.999618411064148,1
393,1,0.9970865845680237,1
394,1,0.9963292479515076,1
395,1,0.9995442032814026,1
396,1,0.9163013696670532,1
397,1,0.9992420673370361,1
398,1,0.9995063543319702,1
399,1,0.999129593372345,1
400,1,0.9996505975723267,1
401,1,0.9995648264884949,1
402,1,0.9996671676635742,1
403,1,0.999444305896759,1
404,1,0.9984610080718994,1
405,1,0.9189261198043823,1
406,1,0.9427889585494995,1
407,1,0.3671720623970032,0
408,1,0.9996931552886963,1
409,1,0.9985141158103943,1
410,1,0.8874107003211975,1
411,1,0.9988825917243958,1
412,1,0.999066174030304,1
413,1,0.9995176792144775,1
414,1,0.9963590502738953,1
415,1,0.8419016003608704,1
416,1,0.9991445541381836,1
417,1,0.9987415671348572,1
418,1,0.9939441084861755,1
419,1,0.9987496137619019,1
420,1,0.9995077848434448,1
421,1,0.99960857629776,1
422,1,0.9885574579238892,1
423,1,0.9967707395553589,1
424,1,0.9972858428955078,1
425,1,0.9996256828308105,1
426,1,0.9975073933601379,1
427,1,0.9996261596679688,1
428,1,0.9996987581253052,1
429,1,0.9990542531013489,1
430,1,0.9996138215065002,1
431,1,0.9992988109588623,1
432,1,0.9995900988578796,1
433,1,0.998993456363678,1
434,1,0.9950456619262695,1
435,1,0.9995444416999817,1
436,1,0.9996883869171143,1
437,1,0.9804043173789978,1
438,1,0.9992331266403198,1
439,1,0.9995217323303223,1
440,1,0.9997194409370422,1
441,1,0.9995798468589783,1
442,1,0.9925186634063721,1
443,1,0.9996569156646729,1
444,1,0.999594509601593,1
445,1,0.9996762275695801,1
446,1,0.9978777170181274,1
447,1,0.9990930557250977,1
448,1,0.9996091723442078,1
449,1,0.9993815422058105,1
450,1,0.9992963075637817,1
451,1,0.9984094500541687,1
452,1,0.9994624257087708,1
453,1,0.9821017980575562,1
454,1,0.9979952573776245,1
455,1,0.9992600083351135,1
456,1,0.9990620017051697,1
457,1,0.9996953010559082,1
458,1,0.9057783484458923,1
459,1,0.9994158744812012,1
460,1,0.9972710013389587,1
461,1,0.9995812773704529,1
462,1,0.996452808380127,1
463,1,0.9996733665466309,1
464,1,0.9992892742156982,1
465,1,0.9946211576461792,1
466,1,0.9947395920753479,1
467,1,0.9996907711029053,1
468,1,0.9776645302772522,1
469,1,0.9931896328926086,1
470,1,0.9990506768226624,1
471,1,0.9932956099510193,1
472,1,0.9994508624076843,1
473,1,0.9993126392364502,1
474,1,0.9994854927062988,1
475,1,0.9993839263916016,1
476,1,0.9924418926239014,1
477,1,0.9838191866874695,1
478,1,0.9990548491477966,1
479,1,0.9996148347854614,1
480,1,0.9985407590866089,1
481,1,0.9996123909950256,1
482,1,0.9996284246444702,1
483,1,0.9996968507766724,1
484,1,0.999721109867096,1
485,1,0.9997268319129944,1
486,1,0.9993170499801636,1
487,1,0.999306321144104,1
488,1,0.9948521256446838,1
489,1,0.9994981288909912,1
490,1,0.9992934465408325,1
491,1,0.9936103224754333,1
492,1,0.8734336495399475,1
493,1,0.99953293800354,1
494,1,0.9996334314346313,1
495,1,0.9997319579124451,1
496,1,0.9966026544570923,1
497,1,0.999058187007904,1
498,1,0.9990522265434265,1
499,1,0.9996008276939392,1
500,1,0.9989882111549377,1
501,1,0.9991275668144226,1
502,1,0.9971551895141602,1
503,1,0.9989043474197388,1
504,1,0.9996066689491272,1
505,1,0.9975165128707886,1
506,1,0.9996161460876465,1
507,1,0.9704076051712036,1
508,1,0.9993776679039001,1
509,1,0.9995369911193848,1
510,1,0.9897739291191101,1
511,1,0.9992603659629822,1
512,1,0.9993557333946228,1
513,1,0.9996304512023926,1
514,1,0.9982422590255737,1
515,1,0.9987088441848755,1
516,1,0.9992863535881042,1
517,1,0.9588466286659241,1
518,1,0.999473512172699,1
519,1,0.9987607002258301,1
520,1,0.9992156028747559,1
521,1,0.9995161294937134,1
522,1,0.9994040727615356,1
523,1,0.9997276663780212,1
524,1,0.9994200468063354,1
525,1,0.9992939233779907,1
526,1,0.999626874923706,1
527,1,0.999528169631958,1
528,1,0.9997156262397766,1
529,1,0.9995734095573425,1
530,1,0.9996522665023804,1
531,1,0.9997028708457947,1
532,1,0.9996557235717773,1
533,1,0.9980899691581726,1
534,1,0.9992940425872803,1
535,1,0.9993334412574768,1
536,1,0.12383636832237244,0
537,1,0.9991872906684875,1
538,1,0.9990678429603577,1
539,1,0.9988086223602295,1
540,1,0.9996786117553711,1
541,1,0.9996633529663086,1
542,1,0.9990476965904236,1
543,1,0.9990288019180298,1
544,1,0.9983931183815002,1
545,1,0.9940831065177917,1
546,1,0.9993392825126648,1
547,1,0.9985997080802917,1
548,1,0.9974495768547058,1
549,1,0.9993724226951599,1
550,1,0.9971639513969421,1
551,1,0.9993788003921509,1
552,1,0.9995718598365784,1
553,1,0.9993908405303955,1
554,1,0.9996331930160522,1
555,1,0.9551071524620056,1
556,1,0.9911534190177917,1
557,1,0.9993839263916016,1
558,1,0.9995750784873962,1
559,1,0.9997043013572693,1
560,1,0.9987335801124573,1
561,1,0.9994262456893921,1
562,1,0.9997243285179138,1
563,1,0.9863952398300171,1
564,1,0.9957028031349182,1
565,1,0.9988741278648376,1
566,1,0.999171257019043,1
567,1,0.9964231848716736,1
568,1,0.9990717172622681,1
569,1,0.9995170831680298,1
570,1,0.9993882179260254,1
571,1,0.9919090867042542,1
572,1,0.9996763467788696,1
573,1,0.9996732473373413,1
574,1,0.998156726360321,1
575,1,0.9973879456520081,1
576,1,0.9992552399635315,1
577,1,0.9996084570884705,1
578,1,0.9982389211654663,1
579,1,0.9995563626289368,1
580,1,0.9993972778320312,1
581,1,0.996459424495697,1
582,1,0.9992157220840454,1
583,1,0.9925562739372253,1
584,1,0.9997639060020447,1
585,1,0.9992581009864807,1
586,1,0.9995591044425964,1
587,1,0.9994957447052002,1
588,1,0.9940192699432373,1
589,1,0.936090886592865,1
590,1,0.036125462502241135,0
591,1,0.9975019097328186,1
592,1,0.4690501391887665,0
593,1,0.9995614886283875,1
594,1,0.9987061023712158,1
595,1,0.9996515512466431,1
596,1,0.9995344877243042,1
597,1,0.9996708631515503,1
598,1,0.9847868084907532,1
599,1,0.9976003766059875,1
600,1,0.9993689656257629,1
601,1,0.9935459494590759,1
602,1,0.9995693564414978,1
603,1,0.9982635378837585,1
604,1,0.9984560012817383,1
605,1,0.9979669451713562,1
606,1,0.9994545578956604,1
607,1,0.9994749426841736,1
608,1,0.9996336698532104,1
609,1,0.9973209500312805,1
610,1,0.9994805455207825,1
611,1,0.9994396567344666,1
612,1,0.9997232556343079,1
613,1,0.9995018243789673,1
614,1,0.9991607666015625,1
615,1,0.9994224309921265,1
616,1,0.9997076392173767,1
617,1,0.9997046589851379,1
618,1,0.9995375871658325,1
619,1,0.99953293800354,1
620,1,0.9995654225349426,1
621,1,0.9991588592529297,1
622,1,0.9994969367980957,1
623,1,0.9997305274009705,1
624,1,0.9994170665740967,1
625,1,0.9996943473815918,1
626,1,0.9993835687637329,1
627,1,0.9997273087501526,1
628,1,0.9997212290763855,1
629,1,0.9732857942581177,1
630,1,0.9956768155097961,1
631,1,0.9996441602706909,1
632,1,0.9994638562202454,1
633,1,0.9987467527389526,1
634,1,0.9974104762077332,1
635,1,0.9994184970855713,1
636,1,0.9996905326843262,1
637,1,0.9906775951385498,1
638,1,0.9989996552467346,1
639,1,0.9997150301933289,1
640,1,0.9991769194602966,1
641,1,0.9734146595001221,1
642,1,0.998130738735199,1
643,1,0.9992800354957581,1
644,1,0.9937512278556824,1
645,1,0.998683750629425,1
646,1,0.9991773962974548,1
647,1,0.999508261680603,1
648,1,0.9715844988822937,1
649,1,0.9911150932312012,1
650,1,0.9990137815475464,1
651,1,0.9994418025016785,1
652,1,0.9983524084091187,1
653,1,0.9994438290596008,1
654,1,0.9996843338012695,1
655,1,0.9994396567344666,1
656,1,0.9972328543663025,1
657,1,0.9996780157089233,1
658,1,0.9997467398643494,1
659,1,0.9995143413543701,1
660,1,0.999367892742157,1
661,1,0.9994027614593506,1
662,1,0.9992840886116028,1
663,1,0.9979264736175537,1
664,1,0.9990565180778503,1
665,1,0.9969372749328613,1
666,1,0.9995890259742737,1
667,1,0.9886155724525452,1
668,1,0.9995090961456299,1
669,1,0.9973428845405579,1
670,1,0.9983056783676147,1
671,1,0.9996387958526611,1
672,1,0.9994885921478271,1
673,1,0.9993159770965576,1
674,1,0.9994705319404602,1
675,1,0.9997642636299133,1
676,1,0.9996792078018188,1
677,1,0.9996891021728516,1
678,1,0.9994780421257019,1
679,1,0.998171329498291,1
680,1,0.999387264251709,1
681,1,0.9994879961013794,1
682,1,0.9892916083335876,1
683,1,0.9996558427810669,1
684,1,0.9985699653625488,1
685,1,0.9373060464859009,1
686,1,0.9997366070747375,1
687,1,0.9989333748817444,1
688,1,0.9994231462478638,1
689,1,0.9990367889404297,1
690,1,0.9924116730690002,1
691,1,0.9994452595710754,1
692,1,0.9995452761650085,1
693,1,0.9986633062362671,1
694,1,0.9994620680809021,1
695,1,0.9994986057281494,1
696,1,0.9997125267982483,1
697,1,0.9996010661125183,1
698,1,0.9996944665908813,1
699,1,0.9997078776359558,1
700,1,0.995422899723053,1
701,1,0.9988840222358704,1
702,1,0.99947589635849,1
703,1,0.9995973706245422,1
704,1,0.9997147917747498,1
705,1,0.9994876384735107,1
706,1,0.9993618130683899,1
707,1,0.9996787309646606,1
708,1,0.9994947910308838,1
709,1,0.982724130153656,1
710,1,0.9996042847633362,1
711,1,0.9857390522956848,1
712,1,0.999546229839325,1
713,1,0.9968438148498535,1
714,1,0.9993370175361633,1
715,1,0.9995391368865967,1
716,1,0.9992400407791138,1
717,1,0.9996907711029053,1
718,1,0.9997255206108093,1
719,1,0.9988722205162048,1
720,1,0.9997491240501404,1
721,1,0.9992986917495728,1
722,1,0.9992871880531311,1
723,1,0.9994691014289856,1
724,1,0.9994733929634094,1
725,1,0.9995467066764832,1
726,1,0.9973741769790649,1
727,1,0.8971599340438843,1
728,1,0.9996036887168884,1
729,1,0.9981834292411804,1
730,1,0.999526858329773,1
731,1,0.9996663331985474,1
732,1,0.9993370175361633,1
733,1,0.9996455907821655,1
734,1,0.999454915523529,1
735,1,0.9855802059173584,1
736,1,0.999504804611206,1
737,1,0.9924692511558533,1
738,1,0.999187171459198,1
739,1,0.9996140599250793,1
740,1,0.999725878238678,1
741,1,0.9993712306022644,1
742,1,0.9333441853523254,1
743,1,0.9996510744094849,1
744,1,0.9995579123497009,1
745,1,0.9994651675224304,1
746,1,0.9997005462646484,1
747,1,0.9982675313949585,1
748,1,0.8717461228370667,1
749,1,0.9974151849746704,1
750,1,0.9991154074668884,1
751,1,0.9994392991065979,1
752,1,0.9997523427009583,1
753,1,0.9995028972625732,1
754,1,0.9992663264274597,1
755,1,0.9994016885757446,1
756,1,0.9407435059547424,1
757,1,0.9996418952941895,1
758,1,0.996904194355011,1
759,1,0.9990360736846924,1
760,1,0.9996805191040039,1
761,1,0.9967390894889832,1
762,1,0.9993391633033752,1
763,1,0.9986481070518494,1
764,1,0.973267138004303,1
765,1,0.9988206028938293,1
766,1,0.9986308217048645,1
767,1,0.9920957684516907,1
768,1,0.8577666878700256,1
769,1,0.865734875202179,1
770,1,0.9988841414451599,1
771,1,0.9995482563972473,1
772,1,0.9956710338592529,1
773,1,0.9583638906478882,1
774,1,0.9959653615951538,1
775,1,0.9994379878044128,1
776,1,0.9978668093681335,1
777,1,0.9997369647026062,1
778,1,0.9995902180671692,1
779,1,0.9996345043182373,1
780,1,0.9995001554489136,1
781,1,0.9996620416641235,1
782,1,0.9888363480567932,1
783,1,0.9986975193023682,1
784,1,0.9996237754821777,1
785,1,0.9996767044067383,1
786,1,0.9994773268699646,1
787,1,0.9996875524520874,1
788,1,0.9981099367141724,1
789,1,0.9997310042381287,1
790,1,0.9989470839500427,1
791,1,0.6556257605552673,1
792,1,0.9996024966239929,1
793,1,0.9985108971595764,1
794,1,0.9996028542518616,1
795,1,0.9996429681777954,1
796,1,0.9994878768920898,1
797,1,0.9992082715034485,1
798,1,0.99968421459198,1
799,1,0.9990038275718689,1
800,1,0.9995893836021423,1
801,1,0.999718964099884,1
802,1,0.9997133612632751,1
803,1,0.9995341300964355,1
804,1,0.9996784925460815,1
805,1,0.9984647035598755,1
806,1,0.9997401833534241,1
807,1,0.8323565721511841,1
808,1,0.9992411136627197,1
809,1,0.9996058344841003,1
810,1,0.999592125415802,1
811,1,0.9995911717414856,1
812,1,0.996444046497345,1
813,1,0.9993866682052612,1
814,1,0.9236582517623901,1
815,1,0.986004650592804,1
816,1,0.9994263648986816,1
817,1,0.9997386336326599,1
818,1,0.9993268251419067,1
819,1,0.8481721878051758,1
820,1,0.9996716976165771,1
821,1,0.9995772242546082,1
822,1,0.9995856881141663,1
823,1,0.9990525841712952,1
824,1,0.999051034450531,1
825,1,0.9194689989089966,1
826,1,0.9920462369918823,1
827,1,0.9996304512023926,1
828,1,0.971077561378479,1
829,1,0.9982920289039612,1
830,1,0.987092912197113,1
831,1,0.9996445178985596,1
832,1,0.999612033367157,1
833,1,0.9995312690734863,1
834,1,0.9985150694847107,1
835,1,0.999554455280304,1
836,1,0.9995150566101074,1
837,1,0.9991493225097656,1
838,1,0.999279797077179,1
839,1,0.9983568787574768,1
840,1,0.888326108455658,1
841,1,0.9991270899772644,1
842,1,0.999688982963562,1
843,1,0.9996346235275269,1
844,1,0.9997150301933289,1
845,1,0.998946487903595,1
846,1,0.9994891881942749,1
847,1,0.9995741248130798,1
848,1,0.9994775652885437,1
849,1,0.9995781779289246,1
850,1,0.9995403289794922,1
851,1,0.9984822869300842,1
852,1,0.9996217489242554,1
853,1,0.9995189905166626,1
854,1,0.999626636505127,1
855,1,0.9996592998504639,1
856,1,0.9989914298057556,1
857,1,0.9995301961898804,1
858,1,0.9996318817138672,1
859,1,0.9980636239051819,1
860,1,0.999528169631958,1
861,1,0.9995006322860718,1
862,1,0.9960682392120361,1
863,1,0.9986298084259033,1
864,1,0.9991181492805481,1
865,1,0.9966097474098206,1
866,1,0.9919386506080627,1
867,1,0.9993917942047119,1
868,1,0.9919779300689697,1
869,0,0.9996951818466187,1
870,0,0.9996113181114197,1
871,0,0.9870229363441467,1
872,0,0.9997114539146423,1
873,0,0.9997689127922058,1
874,0,0.9992172718048096,1
875,0,0.9995948672294617,1
876,0,0.9969954490661621,1
877,0,0.9962129592895508,1
878,0,0.9996440410614014,1
879,0,0.9997661709785461,1
880,0,0.9990012049674988,1
881,0,0.9996030926704407,1
882,0,0.9996175765991211,1
883,0,0.9991809725761414,1
884,0,0.9996004700660706,1
885,0,0.9995750784873962,1
886,0,0.02325783111155033,0
887,0,0.9675592184066772,1
888,0,0.9996964931488037,1
889,0,0.9996709823608398,1
890,0,0.9997797608375549,1
891,0,0.9996150732040405,1
892,0,0.9883450269699097,1
893,0,0.9988343119621277,1
894,0,0.9997650980949402,1
895,0,0.9997324347496033,1
896,0,0.9994590878486633,1
897,0,0.9996974468231201,1
898,0,0.9997573494911194,1
899,0,0.9951261281967163,1
900,0,0.9995772242546082,1
901,0,0.9997348189353943,1
902,0,0.9988424181938171,1
903,0,0.9995930790901184,1
904,0,0.999707043170929,1
905,0,0.9993383288383484,1
906,0,0.9994363188743591,1
907,0,0.9995182752609253,1
908,0,0.9997387528419495,1
909,0,0.9994701743125916,1
910,0,0.9997848868370056,1
911,0,0.9997084736824036,1
912,0,0.9995020627975464,1
913,0,0.9995570778846741,1
914,0,0.9996803998947144,1
915,0,0.99977046251297,1
916,0,0.9997817873954773,1
917,0,0.9996858835220337,1
918,0,0.9984132051467896,1
919,0,0.9600020051002502,1
920,0,0.9997705817222595,1
921,0,0.9996132254600525,1
922,0,0.9996857643127441,1
923,0,0.9997467398643494,1
924,0,0.9997377991676331,1
925,0,0.9994644522666931,1
926,0,0.9997707009315491,1
927,0,0.9843399524688721,1
928,0,0.9949769377708435,1
929,0,0.9997403025627136,1
930,0,0.9995148181915283,1
931,0,0.9997026324272156,1
932,0,0.9994290471076965,1
933,0,0.9997172951698303,1
934,0,0.9995799660682678,1
935,0,0.99960857629776,1
936,0,0.9995099306106567,1
937,0,0.9996871948242188,1
938,0,0.9996987581253052,1
939,0,0.9976154565811157,1
940,0,0.9997009038925171,1
941,0,0.8221047520637512,1
942,0,0.9996217489242554,1
943,0,0.9984945058822632,1
944,0,0.9994174242019653,1
945,0,0.9856626391410828,1
946,0,0.9996873140335083,1
947,0,0.7707452178001404,1
948,0,0.9986169338226318,1
949,0,0.9895771741867065,1
950,0,0.9997730851173401,1
951,0,0.9991995692253113,1
952,0,0.9996474981307983,1
953,0,0.9988012313842773,1
954,0,0.9997040629386902,1
955,0,0.9979069232940674,1
956,0,0.9965852499008179,1
957,0,0.9973750114440918,1
958,0,0.999775230884552,1
959,0,0.9997597336769104,1
960,0,0.9987008571624756,1
961,0,0.9997677206993103,1
962,0,0.9997850060462952,1
963,0,0.9996684789657593,1
964,0,0.9997110962867737,1
965,0,0.9997836947441101,1
966,0,0.9997449517250061,1
967,0,0.9996588230133057,1
968,0,0.999774158000946,1
969,0,0.9997568726539612,1
970,0,0.9997848868370056,1
971,0,0.9995654225349426,1
972,0,0.9977654218673706,1
973,0,0.999731719493866,1
974,0,0.9997569918632507,1
975,0,0.9965624213218689,1
976,0,0.9997215867042542,1
977,0,0.99959796667099,1
978,0,0.9988791346549988,1
979,0,0.9989035129547119,1
980,0,0.9997262358665466,1
981,0,0.9997090697288513,1
982,0,0.9991614818572998,1
983,0,0.9997078776359558,1
984,0,0.9997853636741638,1
985,0,0.9996308088302612,1
986,0,0.9996662139892578,1
987,0,0.9992865920066833,1
988,0,0.9996989965438843,1
989,0,0.9997536540031433,1
990,0,0.9997591376304626,1
991,0,0.9994150400161743,1
992,0,0.9985438585281372,1
993,0,0.9814342260360718,1
994,0,0.9993637204170227,1
995,0,0.9996438026428223,1
996,0,0.9984717965126038,1
997,0,0.9988409876823425,1
998,0,0.9997645020484924,1
999,0,0.9997535347938538,1
1000,0,0.9997329115867615,1
1001,0,0.9997852444648743,1
1002,0,0.9996824264526367,1
1003,0,0.9990832805633545,1
1004,0,0.9997356534004211,1
1005,0,0.9994876384735107,1
1006,0,0.9997681975364685,1
1007,0,0.9994114637374878,1
1008,0,0.9997748732566833,1
1009,0,0.9995502829551697,1
1010,0,0.9996984004974365,1
1011,0,0.9996039271354675,1
1012,0,0.9997536540031433,1
1013,0,0.9993442893028259,1
1014,0,0.9997840523719788,1
1015,0,0.9997474551200867,1
1016,0,0.9998014569282532,1
1017,0,0.9997637867927551,1
1018,0,0.9993682503700256,1
1019,0,0.9994161128997803,1
1020,0,0.9997549653053284,1
1021,0,0.9993933439254761,1
1022,0,0.9988025426864624,1
1023,0,0.9990328550338745,1
1024,0,0.9846887588500977,1
1025,0,0.9996711015701294,1
1026,0,0.99967360496521,1
1027,0,0.9996803998947144,1
1028,0,0.9997441172599792,1
1029,0,0.9835224747657776,1
1030,0,0.8315714001655579,1
1031,0,0.9995050430297852,1
1032,0,0.9997662901878357,1
1033,0,0.9997822642326355,1
1034,0,0.999762237071991,1
1035,0,0.9997654557228088,1
1036,0,0.9446044564247131,1
1037,0,0.9997410178184509,1
1038,0,0.9997236132621765,1
1039,0,0.9997813105583191,1
1040,0,0.9994882345199585,1
1041,0,0.9997243285179138,1
1042,0,0.9997581839561462,1
1043,0,0.9997808337211609,1
1044,0,0.999495267868042,1
1045,0,0.9997547268867493,1
1046,0,0.9997804760932922,1
1047,0,0.9996211528778076,1
1048,0,0.9997528195381165,1
1049,0,0.9998056292533875,1
1050,0,0.9988892674446106,1
1051,0,0.9995961785316467,1
1052,0,0.9997346997261047,1
1053,0,0.99978107213974,1
1054,0,0.999756395816803,1
1055,0,0.9997262358665466,1
1056,0,0.9997891783714294,1
1057,0,0.9995786547660828,1
1058,0,0.9997856020927429,1
1059,0,0.9997679591178894,1
1060,0,0.9994563460350037,1
1061,0,0.8743312954902649,1
1062,0,0.9996024966239929,1
1063,0,0.9997671246528625,1
1064,0,0.9997929930686951,1
1065,0,0.9994102716445923,1
1066,0,0.9997499585151672,1
1067,0,0.9997382760047913,1
1068,0,0.9994838237762451,1
1069,0,0.9974053502082825,1
1070,0,0.9997848868370056,1
1071,0,0.9997875094413757,1
1072,0,0.9997497200965881,1
1073,0,0.9997701048851013,1
1074,0,0.9996532201766968,1
1075,0,0.9996761083602905,1
1076,0,0.9731053709983826,1
1077,0,0.9997606873512268,1
1078,0,0.9996936321258545,1
1079,0,0.9997057318687439,1
1080,0,0.9994105100631714,1
1081,0,0.9994753003120422,1
1082,0,0.9972242116928101,1
1083,0,0.9994522929191589,1
1084,0,0.9997590184211731,1
1085,0,0.9996110796928406,1
1086,0,0.999728262424469,1
1087,0,0.9997422099113464,1
1088,0,0.9997482895851135,1
1089,0,0.9994509816169739,1
1090,0,0.9997163414955139,1
1091,0,0.9997108578681946,1
1092,0,0.9997605681419373,1
1093,0,0.9997487664222717,1
1094,0,0.9993335604667664,1
1095,0,0.9997686743736267,1
1096,0,0.9996412992477417,1
1097,0,0.9993730187416077,1
1098,0,0.999716579914093,1
1099,0,0.999757707118988,1
1100,0,0.9996384382247925,1
1101,0,0.9997401833534241,1
1102,0,0.9997411370277405,1
1103,0,0.9973940849304199,1
1104,0,0.9996905326843262,1
1105,0,0.9997358918190002,1
1106,0,0.999745786190033,1
1107,0,0.9997193217277527,1
1108,0,0.9995478987693787,1
1109,0,0.9997331500053406,1
1110,0,0.9996485710144043,1
1111,0,0.9997009038925171,1
1112,0,0.9997226595878601,1
1113,0,0.9996474981307983,1
1114,0,0.9997846484184265,1
1115,0,0.9996789693832397,1
1116,0,0.9996163845062256,1
1117,0,0.9994518160820007,1
1118,0,0.9997150301933289,1
1119,0,0.9989920258522034,1
1120,0,0.99969482421875,1
1121,0,0.8144509196281433,1
1122,0,0.9997778534889221,1
1123,0,0.9994158744812012,1
1124,0,0.9992747902870178,1
1125,0,0.9997825026512146,1
1126,0,0.9995583891868591,1
1127,0,0.9997575879096985,1
1128,0,0.9775787591934204,1
1129,0,0.9995612502098083,1
1130,0,0.9989043474197388,1
1131,0,0.9997338652610779,1
1132,0,0.9994133710861206,1
1133,0,0.9997184872627258,1
1134,0,0.999516487121582,1
1135,0,0.99964439868927,1
1136,0,0.9986384510993958,1
1137,0,0.9997765421867371,1
1138,0,0.9997232556343079,1
1139,0,0.503345787525177,1
1140,0,0.9997014403343201,1
1141,0,0.9997420907020569,1
1142,0,0.947735071182251,1
1143,0,0.9996501207351685,1
1144,0,0.9992514252662659,1
1145,0,0.9996023774147034,1
1146,0,0.999643087387085,1
1147,0,0.9996916055679321,1
1148,0,0.9995941519737244,1
1149,0,0.9997734427452087,1
1150,0,0.9997655749320984,1
1151,0,0.9992522597312927,1
1152,0,0.9979978203773499,1
1153,0,0.9994139671325684,1
1154,0,0.9994961023330688,1
1155,0,0.9910261034965515,1
1156,0,0.999671220779419,1
1157,0,0.9996405839920044,1
1158,0,0.9996370077133179,1
1159,0,0.9995248317718506,1
1160,0,0.9996907711029053,1
1161,0,0.9995817542076111,1
1162,0,0.9997702240943909,1
1163,0,0.9996856451034546,1
1164,0,0.9997277855873108,1
1165,0,0.9715604186058044,1
1166,0,0.9996974468231201,1
1167,0,0.9994402527809143,1
1168,0,0.9997697472572327,1
1169,0,0.9997575879096985,1
1170,0,0.9986530542373657,1
1171,0,0.9996621608734131,1
1172,0,0.9941622614860535,1
1173,0,0.9978082776069641,1
1174,0,0.9887627959251404,1
1175,0,0.9997225403785706,1
1176,0,0.9995118379592896,1
1177,0,0.9985309839248657,1
1178,0,0.9996901750564575,1
1179,0,0.999736487865448,1
1180,0,0.9995597004890442,1
1181,0,0.9997401833534241,1
1182,0,0.9995278120040894,1
1183,0,0.9995759129524231,1
1184,0,0.999175488948822,1
1185,0,0.9986687898635864,1
1186,0,0.999744713306427,1
1187,0,0.9946052432060242,1
1188,0,0.9996448755264282,1
1189,0,0.9997046589851379,1
1190,0,0.8604471683502197,1
1191,0,0.7184920310974121,1
1192,0,0.9997546076774597,1
1193,0,0.9731544852256775,1
1194,0,0.9993681311607361,1
1195,0,0.9997472167015076,1
1196,0,0.999479353427887,1
1197,0,0.9897213578224182,1
1198,0,0.9997232556343079,1
1199,0,0.9997355341911316,1
1200,0,0.9997566342353821,1
1201,0,0.9996987581253052,1
1202,0,0.9997156262397766,1
1203,0,0.42743393778800964,0
1204,0,0.9985781908035278,1
1205,0,0.999313473701477,1
1206,0,0.9996935129165649,1
1207,0,0.9994472861289978,1
1208,0,0.999548614025116,1
1209,0,0.9996849298477173,1
1210,0,0.9899210929870605,1
1211,0,0.9995404481887817,1
1212,0,0.999531626701355,1
1213,0,0.9996517896652222,1
1214,0,0.9997214674949646,1
1215,0,0.9994503855705261,1
1216,0,0.9997598528862,1
1217,0,0.7546523213386536,1
1218,0,0.9997653365135193,1
1219,0,0.9843931794166565,1
1220,0,0.9996627569198608,1
1221,0,0.993162989616394,1
1222,0,0.9993857145309448,1
1223,0,0.9984936714172363,1
1224,0,0.9996789693832397,1
1225,0,0.9997071623802185,1
1226,0,0.9997783303260803,1
1227,0,0.9997323155403137,1
1228,0,0.9969905614852905,1
1229,0,0.9997203946113586,1
1230,0,0.9996786117553711,1
1231,0,0.9988927245140076,1
1232,0,0.9995235204696655,1
1233,0,0.9997311234474182,1
1234,0,0.8736986517906189,1
1235,0,0.9987595081329346,1
1236,0,0.9987595081329346,1
1237,0,0.9997683167457581,1
1238,0,0.999180257320404,1
1239,0,0.9990645051002502,1
1240,0,0.9993701577186584,1
1241,0,0.9993701577186584,1
1242,0,0.9997264742851257,1
1243,0,0.9957334399223328,1
1244,0,0.9997720122337341,1
1245,0,0.999784529209137,1
1246,0,0.999736487865448,1
1247,0,0.9996127486228943,1
1248,0,0.9997307658195496,1
1249,0,0.9997959733009338,1
1250,0,0.9996132254600525,1
1251,0,0.9997804760932922,1
1252,0,0.9997463822364807,1
1253,0,0.9994006156921387,1
1254,0,0.9997846484184265,1
1255,0,0.9996304512023926,1
1256,0,0.9995542168617249,1
1257,0,0.9997465014457703,1
1258,0,0.9995619654655457,1
1259,0,0.9996830224990845,1
1260,0,0.9997619986534119,1
1261,0,0.9996746778488159,1
1262,0,0.9990878105163574,1
1263,0,0.9923031330108643,1
1264,0,0.9997954964637756,1
1265,0,0.9997662901878357,1
1266,0,0.999727189540863,1
1267,0,0.9997451901435852,1
1268,0,0.9997435212135315,1
1269,0,0.9996825456619263,1
1270,0,0.9995536208152771,1
1271,0,0.9996730089187622,1
1272,0,0.9994710087776184,1
1273,0,0.9997748732566833,1
1274,0,0.9997768998146057,1
1275,0,0.9995006322860718,1
1276,0,0.999613344669342,1
1277,0,0.9996278285980225,1
1278,0,0.9983851909637451,1
1279,0,0.9996999502182007,1
1280,0,0.9954467415809631,1
1281,0,0.9996623992919922,1
1282,0,0.9951993823051453,1
1283,0,0.9995717406272888,1
1284,0,0.9995443224906921,1
1285,0,0.9993929862976074,1
1286,0,0.9996227025985718,1
1287,0,0.9997835755348206,1
1288,0,0.9997461438179016,1
1289,0,0.9997026324272156,1
1290,0,0.9997549653053284,1
1291,0,0.9997261166572571,1
1292,0,0.9997641444206238,1
1293,0,0.999512791633606,1
1294,0,0.9997031092643738,1
1295,0,0.9997408986091614,1
1296,0,0.9997726082801819,1
1297,0,0.9994900226593018,1
1298,0,0.9997957348823547,1
1299,0,0.9997801184654236,1
1300,0,0.9997853636741638,1
1301,0,0.9996570348739624,1
1302,0,0.8438571691513062,1
1303,0,0.9997137188911438,1
1304,0,0.9997602105140686,1
1305,0,0.9439153671264648,1
1306,0,0.9997878670692444,1
1307,0,0.9997431635856628,1
1308,0,0.9996461868286133,1
1309,0,0.9997803568840027,1
1310,0,0.9997513890266418,1
1311,0,0.06539249420166016,0
1312,0,0.9997493624687195,1
1313,0,0.9993407130241394,1
1314,0,0.9997649788856506,1
1315,0,0.9996912479400635,1
1316,0,0.9997507929801941,1
1317,0,0.9996925592422485,1
1318,0,0.9997518658638,1
1319,0,0.9992153644561768,1
1320,0,0.9997580647468567,1
1321,0,0.9997265934944153,1
1322,0,0.9997153878211975,1
1323,0,0.9996384382247925,1
1324,0,0.9997461438179016,1
1325,0,0.9997449517250061,1
1326,0,0.9996882677078247,1
1327,0,0.9996638298034668,1
1328,0,0.9995633959770203,1
1329,0,0.9996799230575562,1
1330,0,0.9997634291648865,1
1331,0,0.9992817044258118,1
1332,0,0.9363600611686707,1
1333,0,0.9995637536048889,1
1334,0,0.8771647214889526,1
1335,0,0.9996829032897949,1
1336,0,0.999652624130249,1
1337,0,0.9994542002677917,1
1338,0,0.9997283816337585,1
1339,0,0.9984059929847717,1
1340,0,0.9991121888160706,1
1341,0,0.9997647404670715,1
1342,0,0.9997541308403015,1
1343,0,0.9254300594329834,1
1344,0,0.9994000196456909,1
1345,0,0.9997503161430359,1
1346,0,0.9985712766647339,1
1347,0,0.9996230602264404,1
1348,0,0.9883314967155457,1
1349,0,0.9997451901435852,1
1350,0,0.9995824694633484,1
1351,0,0.999308705329895,1
1352,0,0.9992621541023254,1
1353,0,0.9995899796485901,1
1354,0,0.9680162072181702,1
1355,0,0.9929013848304749,1
1356,0,0.9945564270019531,1
1357,0,0.9995421171188354,1
1358,0,0.9985062479972839,1
1359,0,0.9985062479972839,1
1360,0,0.999553382396698,1
1361,0,0.9985174536705017,1
1362,0,0.9996863603591919,1
1363,0,0.999744713306427,1
1364,0,0.9994893074035645,1
1365,0,0.9996577501296997,1
1366,0,0.998588502407074,1
1367,0,0.7030835747718811,1
1368,0,0.9997691512107849,1
1369,0,0.9958170056343079,1
1370,0,0.9992945194244385,1
1371,0,0.999568521976471,1
1372,0,0.9996188879013062,1
1373,0,0.9996564388275146,1
1374,0,0.9989746809005737,1
1375,0,0.9148502945899963,1
1376,0,0.9971555471420288,1
1377,0,0.9996378421783447,1
1378,0,0.999049723148346,1
1379,0,0.9974719882011414,1
1380,0,0.9996827840805054,1
1381,0,0.9997515082359314,1
1382,0,0.9997735619544983,1
1383,0,0.9993118047714233,1
1384,0,0.8942242860794067,1
1385,0,0.9985529780387878,1
1386,0,0.9930400848388672,1
1387,0,0.9898192286491394,1
1388,0,0.9993066787719727,1
1389,0,0.9996497631072998,1
1390,0,0.9989759922027588,1
1391,0,0.9997817873954773,1
1392,0,0.9994481205940247,1
1393,0,0.9997143149375916,1
1394,0,0.9997450709342957,1
1395,0,0.9984312653541565,1
1396,0,0.9985076785087585,1
1397,0,0.9996384382247925,1
1398,0,0.9989596605300903,1
1399,0,0.999749481678009,1
1400,0,0.9997449517250061,1
1401,0,0.9997304081916809,1
1402,0,0.9986662864685059,1
1403,0,0.9972152709960938,1
1404,0,0.8944373726844788,1
1405,0,0.9995869994163513,1
1406,0,0.9995110034942627,1
1407,0,0.9994120597839355,1
1408,0,0.999646782875061,1
1409,0,0.9997060894966125,1
1410,0,0.9994422793388367,1
1411,0,0.9997326731681824,1
1412,0,0.9997705817222595,1
1413,0,0.9973213076591492,1
1414,0,0.9995635151863098,1
1415,0,0.8593587279319763,1
1416,0,0.9997155070304871,1
1417,0,0.9994387030601501,1
1418,0,0.9842081665992737,1
1419,0,0.9992533326148987,1
1420,0,0.9997467398643494,1
1421,0,0.9997515082359314,1
1422,0,0.9990386962890625,1
1423,0,0.9995656609535217,1
1424,0,0.9994208812713623,1
1425,0,0.9997528195381165,1
1426,0,0.9996185302734375,1
1427,0,0.9995456337928772,1
1428,0,0.9996583461761475,1
1429,0,0.9995943903923035,1
1430,0,0.9996334314346313,1
1431,0,0.9997455477714539,1
1432,0,0.9997326731681824,1
1433,0,0.9993364214897156,1
1434,0,0.9996738433837891,1
1435,0,0.9996497631072998,1
1436,0,0.9990909099578857,1
1437,0,0.9997302889823914,1
1438,0,0.9991851449012756,1
1439,0,0.9997279047966003,1
1440,0,0.9996767044067383,1
1441,0,0.9995874762535095,1
1442,0,0.9997556805610657,1
1443,0,0.9995841383934021,1
1444,0,0.9997455477714539,1
1445,0,0.9997326731681824,1
1446,0,0.9993364214897156,1
1447,0,0.9996738433837891,1
1448,0,0.9997084736824036,1
1449,0,0.999619722366333,1
1450,0,0.9991851449012756,1
1451,0,0.9997279047966003,1
1452,0,0.9996767044067383,1
1453,0,0.9995874762535095,1
1454,0,0.9997556805610657,1
1455,0,0.9995841383934021,1
1456,0,0.9997897744178772,1
1457,0,0.7325239181518555,1
1458,0,0.9996486902236938,1
1459,0,0.9995492100715637,1
1460,0,0.9990874528884888,1
1461,0,0.9997521042823792,1
1462,0,0.34637361764907837,0
1463,0,0.9997844099998474,1
1464,0,0.9997029900550842,1
1465,0,0.9983248114585876,1
1466,0,0.9911214113235474,1
1467,0,0.9997722506523132,1
1468,0,0.9996932744979858,1
1469,0,0.963982343673706,1
1470,0,0.9994134902954102,1
1471,0,0.9710379242897034,1
1472,0,0.9996683597564697,1
1473,0,0.9946233034133911,1
1474,0,0.9993240833282471,1
1475,0,0.9996569156646729,1
1476,0,0.8850628733634949,1
1477,0,0.9997546076774597,1
1478,0,0.9160891175270081,1
1479,0,0.9007441997528076,1
1480,0,0.9996768236160278,1
1481,0,0.9979178309440613,1
1482,0,0.9908275008201599,1
1483,0,0.9990658164024353,1
1484,0,0.9997146725654602,1
1485,0,0.9997838139533997,1
1486,0,0.9997101426124573,1
1487,0,0.9996203184127808,1
1488,0,0.9997139573097229,1
1489,0,0.9993324875831604,1
1490,0,0.9991917014122009,1
1491,0,0.999303936958313,1
1492,0,0.9891152381896973,1
1493,0,0.9994089603424072,1
1494,0,0.9997784495353699,1
1495,0,0.9994590878486633,1
1496,0,0.9966523051261902,1
1497,0,0.9997909665107727,1
1498,0,0.9988083839416504,1
1499,0,0.9996806383132935,1
1500,0,0.9997370839118958,1
1501,0,0.9997342228889465,1
1502,0,0.9993315935134888,1
1503,0,0.9997583031654358,1
1504,0,0.9997150301933289,1
1505,0,0.9997977614402771,1
1506,0,0.9995319843292236,1
1507,0,0.9994828701019287,1
1508,0,0.9997172951698303,1
1509,0,0.9996752738952637,1
1510,0,0.9997385144233704,1
1511,0,0.9997690320014954,1
1512,0,0.9997785687446594,1
1513,0,0.9995554089546204,1
1514,0,0.9997795224189758,1
1515,0,0.979714572429657,1
1516,0,0.9997743964195251,1
1517,0,0.9399729371070862,1
1518,0,0.9997153878211975,1
1519,0,0.9997472167015076,1
1520,0,0.9997455477714539,1
1521,0,0.9997326731681824,1
1522,0,0.9993364214897156,1
1523,0,0.9996738433837891,1
1524,0,0.9997084736824036,1
1525,0,0.999619722366333,1
1526,0,0.9991851449012756,1
1527,0,0.9997279047966003,1
1528,0,0.9996767044067383,1
1529,0,0.9995874762535095,1
1530,0,0.9997556805610657,1
1531,0,0.9995841383934021,1
1532,0,0.9995835423469543,1
1533,0,0.999683141708374,1
1534,0,0.9994014501571655,1
1535,0,0.9996356964111328,1
1536,0,0.9996860027313232,1
1537,0,0.9296135902404785,1
1538,0,0.9997290968894958,1
1539,0,0.999321460723877,1
1540,0,0.9993466734886169,1
1541,0,0.999767005443573,1
1542,0,0.9997201561927795,1
1543,0,0.9892262816429138,1
1544,0,0.9997639060020447,1
1545,0,0.9993959665298462,1
1546,0,0.9978524446487427,1
1547,0,0.999762237071991,1
1548,0,0.9997772574424744,1
1549,0,0.9995074272155762,1
1550,0,0.9795821905136108,1
1551,0,0.9996798038482666,1
1552,0,0.9991461038589478,1
1553,0,0.9154292345046997,1
1554,0,0.9996979236602783,1
1555,0,0.9448071122169495,1
1556,0,0.9997751116752625,1
1557,0,0.9997555613517761,1
1558,0,0.9997867941856384,1
1559,0,0.9965178966522217,1
1560,0,0.9996414184570312,1
1561,0,0.999672532081604,1
1562,0,0.9996623992919922,1
1563,0,0.9997765421867371,1
1564,0,0.9971702694892883,1
1565,0,0.9996427297592163,1
1566,0,0.9997026324272156,1
1567,0,0.9984995126724243,1
1568,0,0.9853354692459106,1
1569,0,0.9995731711387634,1
1570,0,0.9997723698616028,1
1571,0,0.9995490908622742,1
1572,0,0.9991245865821838,1
1573,0,0.9966402053833008,1
1574,0,0.9997435212135315,1
1575,0,0.9997720122337341,1
1576,0,0.999779999256134,1
1577,0,0.9992762207984924,1
1578,0,0.9995657801628113,1
1579,0,0.9996598958969116,1
1580,0,0.9994115829467773,1
1581,0,0.99967360496521,1
1582,0,0.9997449517250061,1
1583,0,0.9996329545974731,1
1584,0,0.999716579914093,1
1585,0,0.9997456669807434,1
1586,0,0.9990453124046326,1
1587,0,0.9995903372764587,1
1588,0,0.9769822359085083,1
1589,0,0.9993897676467896,1
1590,0,0.9991235136985779,1
1591,0,0.9479748606681824,1
1592,0,0.9551989436149597,1
1593,0,0.9630944132804871,1
1594,0,0.9991311430931091,1
1595,0,0.999723494052887,1
1596,0,0.9996694326400757,1
1597,0,0.9996892213821411,1
1598,0,0.9997300505638123,1
1599,0,0.9997944235801697,1
1600,0,0.9997797608375549,1
1601,0,0.9997579455375671,1
1602,0,0.9997771382331848,1
1603,0,0.999728262424469,1
1604,0,0.9730120301246643,1
1605,0,0.9994115829467773,1
1606,0,0.9995044469833374,1
1607,0,0.9996713399887085,1
1608,0,0.9895629286766052,1
1609,0,0.9993477463722229,1
1610,0,0.9995895028114319,1
1611,0,0.9994916915893555,1
1612,0,0.9925538897514343,1
1613,0,0.9992190599441528,1
1614,0,0.999748170375824,1
1615,0,0.9996963739395142,1
1616,0,0.9997456669807434,1
1617,0,0.9658154845237732,1
1618,0,0.9997431635856628,1
1619,0,0.9997132420539856,1
1620,0,0.9997690320014954,1
1621,0,0.9987486600875854,1
1622,0,0.9983785152435303,1
1623,0,0.999772846698761,1
1624,0,0.999729335308075,1
1625,0,0.9996204376220703,1
1626,0,0.9995416402816772,1
1627,0,0.9994251728057861,1
1628,0,0.9995063543319702,1
1629,0,0.994460940361023,1
1630,0,0.9996194839477539,1
1631,0,0.9997865557670593,1
1632,0,0.9996532201766968,1
1633,0,0.9997109770774841,1
1634,0,0.9774516224861145,1
1635,0,0.9997614026069641,1
1636,0,0.9997665286064148,1
1637,0,0.9959219694137573,1
1638,0,0.9956086277961731,1
1639,0,0.9993498921394348,1
1640,0,0.9997726082801819,1
1641,0,0.9997149109840393,1
1642,0,0.999527096748352,1
1643,0,0.9991944432258606,1
1644,0,0.9997355341911316,1
1645,0,0.9993545413017273,1
1646,0,0.9996953010559082,1
1647,0,0.9975752234458923,1
1648,0,0.9982149600982666,1
1649,0,0.967962384223938,1
1650,0,0.9997853636741638,1
1651,0,0.9952378273010254,1
1652,0,0.9996581077575684,1
1653,0,0.9991486072540283,1
1654,0,0.9997201561927795,1
1655,0,0.9990523457527161,1
1656,0,0.9997392296791077,1
1657,0,0.9996868371963501,1
1658,0,0.9996620416641235,1
1659,0,0.9997250437736511,1
1660,0,0.9997758269309998,1
1661,0,0.9995056390762329,1
1662,0,0.9997027516365051,1
1663,0,0.9996935129165649,1
1664,0,0.9995397329330444,1
1665,0,0.9997299313545227,1
1666,0,0.9995688796043396,1
1667,0,0.9918485879898071,1
1668,0,0.041886698454618454,0
1669,0,0.9997140765190125,1
1670,0,0.999745786190033,1
1671,0,0.999768078327179,1
1672,0,0.9591978192329407,1
1673,0,0.9997619986534119,1
1674,0,0.9995751976966858,1
1675,0,0.9997604489326477,1
1676,0,0.999459445476532,1
1677,0,0.9997357726097107,1
1678,0,0.9997485280036926,1
1679,0,0.99845290184021,1
1680,0,0.9997308850288391,1
1681,0,0.9994698166847229,1
1682,0,0.9995118379592896,1
1683,0,0.9997792840003967,1
1684,0,0.9997357726097107,1
1685,0,0.9997485280036926,1
1686,0,0.99845290184021,1
1687,0,0.9985941052436829,1
1688,0,0.999680757522583,1
1689,0,0.999680757522583,1
1690,0,0.9997852444648743,1
1691,0,0.9997702240943909,1
1692,0,0.7405248880386353,1
1693,0,0.9996293783187866,1
1694,0,0.9977655410766602,1
1695,0,0.9101532101631165,1
1696,0,0.9996495246887207,1
1697,0,0.9997531771659851,1
1698,0,0.9997475743293762,1
1699,0,0.9997629523277283,1
1700,0,0.9997395873069763,1
1701,0,0.9989782571792603,1
1702,0,0.9996247291564941,1
1703,0,0.9994906187057495,1
1704,0,0.9996247291564941,1
1705,0,0.9994906187057495,1
1706,0,0.9993793964385986,1
1707,0,0.999677300453186,1
1708,0,0.907335102558136,1
1709,0,0.9996458292007446,1
1710,0,0.994335949420929,1
1711,0,0.9997627139091492,1
1712,0,0.9993684887886047,1
1713,0,0.9995726943016052,1
1714,0,0.9997135996818542,1
1715,0,0.99978107213974,1
1716,0,0.9996424913406372,1
1717,0,0.9997455477714539,1
1718,0,0.9997326731681824,1
1719,0,0.9993364214897156,1
1720,0,0.9996738433837891,1
1721,0,0.9995872378349304,1
1722,0,0.9990909099578857,1
1723,0,0.9997302889823914,1
1724,0,0.9991851449012756,1
1725,0,0.9997279047966003,1
1726,0,0.9996767044067383,1
1727,0,0.9995874762535095,1
1728,0,0.9997556805610657,1
1729,0,0.9995841383934021,1
1730,0,0.9996486902236938,1
1731,0,0.9987205266952515,1
1732,0,0.9997521042823792,1
1733,0,0.34637361764907837,0
1734,0,0.9997294545173645,1
1735,0,0.9957658052444458,1
1736,0,0.9965930581092834,1
